SET FOREIGN_KEY_CHECKS=0;
COMMIT;
CREATE TABLE IF NOT EXISTS "django_migrations" ("id" integer NOT NULL PRIMARY KEY AUTO_INCREMENT, "app" varchar(255) NOT NULL, "name" varchar(255) NOT NULL, "applied" datetime NOT NULL);
INSERT INTO django_migrations VALUES(1,'contenttypes','0001_initial','2024-10-21 17:55:32.807642');
INSERT INTO django_migrations VALUES(2,'auth','0001_initial','2024-10-21 17:55:32.825642');
INSERT INTO django_migrations VALUES(3,'admin','0001_initial','2024-10-21 17:55:32.837644');
INSERT INTO django_migrations VALUES(4,'admin','0002_logentry_remove_auto_add','2024-10-21 17:55:32.849645');
INSERT INTO django_migrations VALUES(5,'admin','0003_logentry_add_action_flag_choices','2024-10-21 17:55:32.871158');
INSERT INTO django_migrations VALUES(6,'contenttypes','0002_remove_content_type_name','2024-10-21 17:55:32.886159');
INSERT INTO django_migrations VALUES(7,'auth','0002_alter_permission_name_max_length','2024-10-21 17:55:32.897159');
INSERT INTO django_migrations VALUES(8,'auth','0003_alter_user_email_max_length','2024-10-21 17:55:32.907190');
INSERT INTO django_migrations VALUES(9,'auth','0004_alter_user_username_opts','2024-10-21 17:55:32.914180');
INSERT INTO django_migrations VALUES(10,'auth','0005_alter_user_last_login_null','2024-10-21 17:55:32.928216');
INSERT INTO django_migrations VALUES(11,'auth','0006_require_contenttypes_0002','2024-10-21 17:55:32.932215');
INSERT INTO django_migrations VALUES(12,'auth','0007_alter_validators_add_error_messages','2024-10-21 17:55:32.943215');
INSERT INTO django_migrations VALUES(13,'auth','0008_alter_user_username_max_length','2024-10-21 17:55:32.958221');
INSERT INTO django_migrations VALUES(14,'auth','0009_alter_user_last_name_max_length','2024-10-21 17:55:32.967222');
INSERT INTO django_migrations VALUES(15,'auth','0010_alter_group_name_max_length','2024-10-21 17:55:32.976736');
INSERT INTO django_migrations VALUES(16,'auth','0011_update_proxy_permissions','2024-10-21 17:55:32.982735');
INSERT INTO django_migrations VALUES(17,'auth','0012_alter_user_first_name_max_length','2024-10-21 17:55:32.993737');
INSERT INTO django_migrations VALUES(18,'sessions','0001_initial','2024-10-21 17:55:32.999739');
INSERT INTO django_migrations VALUES(19,'task_app','0001_initial','2024-10-28 23:45:47.857182');
INSERT INTO django_migrations VALUES(20,'task_app','0002_alter_task_task_category_priority','2024-10-28 23:45:47.890466');
INSERT INTO django_migrations VALUES(21,'task_app','0003_alter_task_task_category_priority','2024-10-28 23:45:47.899942');
INSERT INTO django_migrations VALUES(22,'task_app','0004_alter_task_status_update_assignee_and_more','2024-10-28 23:45:47.920955');
INSERT INTO django_migrations VALUES(23,'task_app','0005_alter_task_task_category_priority','2024-11-09 11:41:48.224420');
INSERT INTO django_migrations VALUES(24,'task_app','0006_alter_task_task_category_priority','2024-11-09 11:43:57.597050');
INSERT INTO django_migrations VALUES(25,'task_app','0007_rename_supporting_files_task_attach_file_and_more','2024-11-10 16:04:34.977518');
INSERT INTO django_migrations VALUES(26,'task_app','0008_task_assigned_date_task_status_and_more','2024-11-10 16:24:42.011375');
INSERT INTO django_migrations VALUES(27,'task_app','0009_task_revised_deadline_alter_task_priority_and_more','2024-11-10 18:08:46.912243');
INSERT INTO django_migrations VALUES(28,'task_app','0010_remove_task_revised_deadline_activitylog','2024-11-10 19:34:58.455443');
INSERT INTO django_migrations VALUES(29,'task_app','0011_task_comments_by_assignee_and_more','2024-11-11 07:15:01.067811');
INSERT INTO django_migrations VALUES(30,'task_app','0012_department_manager_alter_activitylog_action','2024-11-25 01:57:17.646869');
CREATE TABLE IF NOT EXISTS "auth_group_permissions" ("id" integer NOT NULL PRIMARY KEY AUTO_INCREMENT, "group_id" integer NOT NULL REFERENCES "auth_group" ("id") DEFERRABLE INITIALLY DEFERRED, "permission_id" integer NOT NULL REFERENCES "auth_permission" ("id") DEFERRABLE INITIALLY DEFERRED);
CREATE TABLE IF NOT EXISTS "auth_user_groups" ("id" integer NOT NULL PRIMARY KEY AUTO_INCREMENT, "user_id" integer NOT NULL REFERENCES "auth_user" ("id") DEFERRABLE INITIALLY DEFERRED, "group_id" integer NOT NULL REFERENCES "auth_group" ("id") DEFERRABLE INITIALLY DEFERRED);
CREATE TABLE IF NOT EXISTS "auth_user_user_permissions" ("id" integer NOT NULL PRIMARY KEY AUTO_INCREMENT, "user_id" integer NOT NULL REFERENCES "auth_user" ("id") DEFERRABLE INITIALLY DEFERRED, "permission_id" integer NOT NULL REFERENCES "auth_permission" ("id") DEFERRABLE INITIALLY DEFERRED);
CREATE TABLE IF NOT EXISTS "django_admin_log" ("id" integer NOT NULL PRIMARY KEY AUTO_INCREMENT, "object_id" text NULL, "object_repr" varchar(200) NOT NULL, "action_flag" smallint unsigned NOT NULL CHECK ("action_flag" >= 0), "change_message" text NOT NULL, "content_type_id" integer NULL REFERENCES "django_content_type" ("id") DEFERRABLE INITIALLY DEFERRED, "user_id" integer NOT NULL REFERENCES "auth_user" ("id") DEFERRABLE INITIALLY DEFERRED, "action_time" datetime NOT NULL);
INSERT INTO django_admin_log VALUES(1,'2','LKM05',1,'[{"added": {}}]',4,1,'2024-10-21 19:18:45.895000');
INSERT INTO django_admin_log VALUES(2,'2','LKM05',3,'',4,1,'2024-10-21 19:19:35.433000');
INSERT INTO django_admin_log VALUES(3,'1','MANAGEMENT',1,'[{"added": {}}]',7,1,'2024-10-21 19:20:33.230000');
INSERT INTO django_admin_log VALUES(4,'2','CONTEN',1,'[{"added": {}}]',7,1,'2024-10-21 19:20:43.588000');
INSERT INTO django_admin_log VALUES(5,'2','CONTENT',2,'[{"changed": {"fields": ["Name"]}}]',7,1,'2024-10-21 19:20:57.150000');
INSERT INTO django_admin_log VALUES(6,'3','PRODUCT',1,'[{"added": {}}]',7,1,'2024-10-21 19:21:11.328000');
INSERT INTO django_admin_log VALUES(7,'4','SALES',1,'[{"added": {}}]',7,1,'2024-10-21 19:21:18.054000');
INSERT INTO django_admin_log VALUES(8,'5','TECH',1,'[{"added": {}}]',7,1,'2024-10-21 19:21:26.641000');
INSERT INTO django_admin_log VALUES(9,'6','HR',1,'[{"added": {}}]',7,1,'2024-10-21 19:21:34.743000');
INSERT INTO django_admin_log VALUES(10,'7','FINANCE',1,'[{"added": {}}]',7,1,'2024-10-21 19:21:43.218000');
INSERT INTO django_admin_log VALUES(11,'8','LEGAL',1,'[{"added": {}}]',7,1,'2024-10-21 19:21:50.287000');
INSERT INTO django_admin_log VALUES(12,'3','LKM05',1,'[{"added": {}}]',4,1,'2024-10-21 19:23:12.372000');
INSERT INTO django_admin_log VALUES(13,'4','LKM06',1,'[{"added": {}}]',4,1,'2024-10-21 19:23:29.818000');
INSERT INTO django_admin_log VALUES(14,'5','LKM07',1,'[{"added": {}}]',4,1,'2024-10-21 19:23:44.807000');
INSERT INTO django_admin_log VALUES(15,'6','LKM08',1,'[{"added": {}}]',4,1,'2024-10-21 19:24:00.014000');
INSERT INTO django_admin_log VALUES(16,'7','LKM09',1,'[{"added": {}}]',4,1,'2024-10-21 19:24:28.407000');
INSERT INTO django_admin_log VALUES(17,'8','LKM10',1,'[{"added": {}}]',4,1,'2024-10-21 19:25:11.078000');
INSERT INTO django_admin_log VALUES(18,'9','LKM11',1,'[{"added": {}}]',4,1,'2024-10-21 19:25:21.473000');
INSERT INTO django_admin_log VALUES(19,'10','LKM12',1,'[{"added": {}}]',4,1,'2024-10-21 19:25:31.072000');
INSERT INTO django_admin_log VALUES(20,'1','LKM04',1,'[{"added": {}}]',9,1,'2024-10-21 19:26:06.988000');
INSERT INTO django_admin_log VALUES(21,'2','LKM05',1,'[{"added": {}}]',9,1,'2024-10-21 19:26:21.155000');
INSERT INTO django_admin_log VALUES(22,'3','LKM06',1,'[{"added": {}}]',9,1,'2024-10-21 19:26:30.130000');
INSERT INTO django_admin_log VALUES(23,'4','LKM07',1,'[{"added": {}}]',9,1,'2024-10-21 19:27:08.019000');
INSERT INTO django_admin_log VALUES(24,'5','LKM08',1,'[{"added": {}}]',9,1,'2024-10-21 19:27:24.243000');
INSERT INTO django_admin_log VALUES(25,'6','LKM09',1,'[{"added": {}}]',9,1,'2024-10-21 19:28:00.228000');
INSERT INTO django_admin_log VALUES(26,'7','LKM10',1,'[{"added": {}}]',9,1,'2024-10-21 19:28:32.542000');
INSERT INTO django_admin_log VALUES(27,'8','LKM11',1,'[{"added": {}}]',9,1,'2024-10-21 19:28:49.188000');
INSERT INTO django_admin_log VALUES(28,'9','LKM12',1,'[{"added": {}}]',9,1,'2024-10-21 19:29:02.849000');
INSERT INTO django_admin_log VALUES(29,'1','LKM04',2,'[{"changed": {"fields": ["Category"]}}]',9,1,'2024-10-21 20:11:03.427000');
INSERT INTO django_admin_log VALUES(30,'1','LKM04',2,'[{"changed": {"fields": ["Category"]}}]',9,1,'2024-10-21 20:12:28.362000');
INSERT INTO django_admin_log VALUES(31,'4','-JZLR3P',3,'',8,1,'2024-10-23 06:20:15.605000');
INSERT INTO django_admin_log VALUES(32,'8','LEGAL',3,'',7,1,'2024-10-27 18:04:52.480000');
INSERT INTO django_admin_log VALUES(33,'7','FINANCE',3,'',7,1,'2024-10-27 18:05:07.431000');
INSERT INTO django_admin_log VALUES(34,'6','HR',3,'',7,1,'2024-10-27 18:05:21.902000');
INSERT INTO django_admin_log VALUES(35,'5','TECHNOLOGY',2,'[{"changed": {"fields": ["Name"]}}]',7,1,'2024-10-27 18:05:37.711000');
INSERT INTO django_admin_log VALUES(36,'3','LKM05',3,'',4,1,'2024-10-27 18:06:04.143000');
INSERT INTO django_admin_log VALUES(37,'4','LKM06',3,'',4,1,'2024-10-27 18:06:09.797000');
INSERT INTO django_admin_log VALUES(38,'5','LKM07',3,'',4,1,'2024-10-27 18:06:15.064000');
INSERT INTO django_admin_log VALUES(39,'6','LKM08',3,'',4,1,'2024-10-27 18:06:24.253000');
INSERT INTO django_admin_log VALUES(40,'7','LKM09',3,'',4,1,'2024-10-27 18:06:30.214000');
INSERT INTO django_admin_log VALUES(41,'8','LKM10',3,'',4,1,'2024-10-27 18:06:35.700000');
INSERT INTO django_admin_log VALUES(42,'9','LKM11',3,'',4,1,'2024-10-27 18:06:40.588000');
INSERT INTO django_admin_log VALUES(43,'10','LKM12',3,'',4,1,'2024-10-27 18:06:46.021000');
INSERT INTO django_admin_log VALUES(44,'11','Gopala_Krishnan',1,'[{"added": {}}]',4,1,'2024-10-27 18:08:15.870000');
INSERT INTO django_admin_log VALUES(45,'11','Gopala_Krishnan',2,'[{"changed": {"fields": ["First name", "Last name", "Email address"]}}]',4,1,'2024-10-27 18:09:11.917000');
INSERT INTO django_admin_log VALUES(46,'12','Amit_Gupta',1,'[{"added": {}}]',4,1,'2024-10-27 18:10:26.007000');
INSERT INTO django_admin_log VALUES(47,'12','Amit_Gupta',2,'[{"changed": {"fields": ["First name", "Last name", "Email address"]}}]',4,1,'2024-10-27 18:10:48.785000');
INSERT INTO django_admin_log VALUES(48,'13','Simran_Galani',1,'[{"added": {}}]',4,1,'2024-10-27 18:11:13.543000');
INSERT INTO django_admin_log VALUES(49,'13','Simran_Galani',2,'[{"changed": {"fields": ["First name", "Last name", "Email address"]}}]',4,1,'2024-10-27 18:11:42.317000');
INSERT INTO django_admin_log VALUES(50,'14','Janvi_Ojha',1,'[{"added": {}}]',4,1,'2024-10-27 18:13:13.978000');
INSERT INTO django_admin_log VALUES(51,'14','Janvi_Ojha',2,'[{"changed": {"fields": ["First name", "Last name", "Email address"]}}]',4,1,'2024-10-27 18:13:40.790000');
INSERT INTO django_admin_log VALUES(52,'15','Shivani_Kanathia',1,'[{"added": {}}]',4,1,'2024-10-27 18:14:03.523000');
INSERT INTO django_admin_log VALUES(53,'15','Shivani_Kanathia',2,'[{"changed": {"fields": ["First name", "Last name", "Email address"]}}]',4,1,'2024-10-27 18:14:27.522000');
INSERT INTO django_admin_log VALUES(54,'16','Sheyla_Gowher',1,'[{"added": {}}]',4,1,'2024-10-27 18:15:20.227000');
INSERT INTO django_admin_log VALUES(55,'16','Sheyla_Gowher',2,'[{"changed": {"fields": ["First name", "Last name", "Email address"]}}]',4,1,'2024-10-27 18:15:47.404000');
INSERT INTO django_admin_log VALUES(56,'17','Taniya_Adwani',1,'[{"added": {}}]',4,1,'2024-10-27 18:16:21.769000');
INSERT INTO django_admin_log VALUES(57,'17','Taniya_Adwani',2,'[{"changed": {"fields": ["First name", "Last name", "Email address"]}}]',4,1,'2024-10-27 18:16:54.043000');
INSERT INTO django_admin_log VALUES(58,'18','Prathamesh_Jadhav',1,'[{"added": {}}]',4,1,'2024-10-27 18:17:27.180000');
INSERT INTO django_admin_log VALUES(59,'18','Prathamesh_Jadhav',2,'[{"changed": {"fields": ["First name", "Last name", "Email address"]}}]',4,1,'2024-10-27 18:17:53.094000');
INSERT INTO django_admin_log VALUES(60,'19','M.Reddy_Devi_Vara_Prasad',1,'[{"added": {}}]',4,1,'2024-10-27 18:18:37.624000');
INSERT INTO django_admin_log VALUES(61,'19','M.Reddy_Devi_Vara_Prasad',2,'[{"changed": {"fields": ["Email address"]}}]',4,1,'2024-10-27 18:18:50.166000');
INSERT INTO django_admin_log VALUES(62,'20','Aviral_Kanodia',1,'[{"added": {}}]',4,1,'2024-10-27 18:19:16.045000');
INSERT INTO django_admin_log VALUES(63,'20','Aviral_Kanodia',2,'[{"changed": {"fields": ["Email address"]}}]',4,1,'2024-10-27 18:19:29.209000');
INSERT INTO django_admin_log VALUES(64,'21','Niomi_Samani',1,'[{"added": {}}]',4,1,'2024-10-27 18:20:03.065000');
INSERT INTO django_admin_log VALUES(65,'21','Niomi_Samani',2,'[{"changed": {"fields": ["Email address"]}}]',4,1,'2024-10-27 18:20:14.719000');
INSERT INTO django_admin_log VALUES(66,'22','Khushan_Poptani',1,'[{"added": {}}]',4,1,'2024-10-27 18:20:36.739000');
INSERT INTO django_admin_log VALUES(67,'22','Khushan_Poptani',2,'[{"changed": {"fields": ["Email address"]}}]',4,1,'2024-10-27 18:20:50.043000');
INSERT INTO django_admin_log VALUES(68,'23','Nikhil_Verma',1,'[{"added": {}}]',4,1,'2024-10-27 18:21:18.855000');
INSERT INTO django_admin_log VALUES(69,'23','Nikhil_Verma',2,'[{"changed": {"fields": ["Email address"]}}]',4,1,'2024-10-27 18:21:31.533000');
INSERT INTO django_admin_log VALUES(70,'24','Gunjit_Sinha',1,'[{"added": {}}]',4,1,'2024-10-27 18:21:59.597000');
INSERT INTO django_admin_log VALUES(71,'24','Gunjit_Sinha',2,'[{"changed": {"fields": ["Email address"]}}]',4,1,'2024-10-27 18:22:10.418000');
INSERT INTO django_admin_log VALUES(72,'25','Lokesh_Mehra',1,'[{"added": {}}]',4,1,'2024-10-27 18:22:38.081000');
INSERT INTO django_admin_log VALUES(73,'25','Lokesh_Mehra',2,'[{"changed": {"fields": ["Email address"]}}]',4,1,'2024-10-27 18:22:52.887000');
INSERT INTO django_admin_log VALUES(74,'26','Chinmay_Singh',1,'[{"added": {}}]',4,1,'2024-10-27 18:23:17.439000');
INSERT INTO django_admin_log VALUES(75,'26','Chinmay_Singh',2,'[{"changed": {"fields": ["Email address"]}}]',4,1,'2024-10-27 18:23:29.427000');
INSERT INTO django_admin_log VALUES(76,'27','Hima_Shaju',1,'[{"added": {}}]',4,1,'2024-10-27 18:23:55.738000');
INSERT INTO django_admin_log VALUES(77,'27','Hima_Shaju',2,'[{"changed": {"fields": ["Email address"]}}]',4,1,'2024-10-27 18:24:10.078000');
INSERT INTO django_admin_log VALUES(78,'28','Ayush_Khopade',1,'[{"added": {}}]',4,1,'2024-10-27 18:26:51.581000');
INSERT INTO django_admin_log VALUES(79,'28','Ayush_Khopade',2,'[{"changed": {"fields": ["Email address"]}}]',4,1,'2024-10-27 18:27:04.092000');
INSERT INTO django_admin_log VALUES(80,'29','Bhavesh_Kataria',1,'[{"added": {}}]',4,1,'2024-10-27 18:27:43.322000');
INSERT INTO django_admin_log VALUES(81,'29','Bhavesh_Kataria',2,'[{"changed": {"fields": ["Email address"]}}]',4,1,'2024-10-27 18:27:58.098000');
INSERT INTO django_admin_log VALUES(82,'30','Vaibhavi_Konde',1,'[{"added": {}}]',4,1,'2024-10-27 18:28:36.902000');
INSERT INTO django_admin_log VALUES(83,'30','Vaibhavi_Konde',2,'[{"changed": {"fields": ["Email address"]}}]',4,1,'2024-10-27 18:28:52.588000');
INSERT INTO django_admin_log VALUES(84,'31','Dinesh_Kumar',1,'[{"added": {}}]',4,1,'2024-10-27 18:29:16.270000');
INSERT INTO django_admin_log VALUES(85,'31','Dinesh_Kumar',2,'[{"changed": {"fields": ["Email address"]}}]',4,1,'2024-10-27 18:29:28.710000');
INSERT INTO django_admin_log VALUES(86,'32','Ram_Choudhary',1,'[{"added": {}}]',4,1,'2024-10-27 18:29:51.881000');
INSERT INTO django_admin_log VALUES(87,'32','Ram_Choudhary',2,'[{"changed": {"fields": ["Email address"]}}]',4,1,'2024-10-27 18:30:06.761000');
INSERT INTO django_admin_log VALUES(88,'33','Rashmi_Mohan',1,'[{"added": {}}]',4,1,'2024-10-27 18:30:32.377000');
INSERT INTO django_admin_log VALUES(89,'33','Rashmi_Mohan',2,'[{"changed": {"fields": ["Email address"]}}]',4,1,'2024-10-27 18:30:50.160000');
INSERT INTO django_admin_log VALUES(90,'34','Mubashir',1,'[{"added": {}}]',4,1,'2024-10-27 18:31:10.558000');
INSERT INTO django_admin_log VALUES(91,'34','Mubashir',2,'[{"changed": {"fields": ["Email address"]}}]',4,1,'2024-10-27 18:31:23.701000');
INSERT INTO django_admin_log VALUES(92,'35','Souvik',1,'[{"added": {}}]',4,1,'2024-10-27 18:31:43.342000');
INSERT INTO django_admin_log VALUES(93,'35','Souvik',2,'[{"changed": {"fields": ["Email address"]}}]',4,1,'2024-10-27 18:32:00.711000');
INSERT INTO django_admin_log VALUES(94,'36','Rounak',1,'[{"added": {}}]',4,1,'2024-10-27 18:32:22.889000');
INSERT INTO django_admin_log VALUES(95,'36','Rounak',2,'[{"changed": {"fields": ["Email address"]}}]',4,1,'2024-10-27 18:32:36.212000');
INSERT INTO django_admin_log VALUES(96,'37','Dr_Blessy',1,'[{"added": {}}]',4,1,'2024-10-27 18:33:12.075000');
INSERT INTO django_admin_log VALUES(97,'38','Dr_Raji',1,'[{"added": {}}]',4,1,'2024-10-27 18:33:35.616000');
INSERT INTO django_admin_log VALUES(98,'38','Dr_Raji',2,'[{"changed": {"fields": ["Email address"]}}]',4,1,'2024-10-27 18:33:47.984000');
INSERT INTO django_admin_log VALUES(99,'39','Dr_Subha',1,'[{"added": {}}]',4,1,'2024-10-27 18:34:12.013000');
INSERT INTO django_admin_log VALUES(100,'39','Dr_Subha',2,'[{"changed": {"fields": ["Email address"]}}]',4,1,'2024-10-27 18:34:24.682000');
INSERT INTO django_admin_log VALUES(101,'40','Dr_Manvi',1,'[{"added": {}}]',4,1,'2024-10-27 18:34:49.300000');
INSERT INTO django_admin_log VALUES(102,'40','Dr_Manvi',2,'[{"changed": {"fields": ["Email address"]}}]',4,1,'2024-10-27 18:35:01.853000');
INSERT INTO django_admin_log VALUES(103,'41','Prathamesh',1,'[{"added": {}}]',4,1,'2024-10-27 18:35:28.961000');
INSERT INTO django_admin_log VALUES(104,'41','Prathamesh',2,'[{"changed": {"fields": ["Email address"]}}]',4,1,'2024-10-27 18:35:42.409000');
INSERT INTO django_admin_log VALUES(105,'42','weta',1,'[{"added": {}}]',4,1,'2024-10-27 18:36:04.201000');
INSERT INTO django_admin_log VALUES(106,'42','Sweta',2,'[{"changed": {"fields": ["Username", "Email address"]}}]',4,1,'2024-10-27 18:36:26.436000');
INSERT INTO django_admin_log VALUES(107,'43','Abhilasha',1,'[{"added": {}}]',4,1,'2024-10-27 18:36:48.596000');
INSERT INTO django_admin_log VALUES(108,'43','Abhilasha',2,'[{"changed": {"fields": ["Email address"]}}]',4,1,'2024-10-27 18:37:01.749000');
INSERT INTO django_admin_log VALUES(109,'44','Srishti',1,'[{"added": {}}]',4,1,'2024-10-27 18:37:36.158000');
INSERT INTO django_admin_log VALUES(110,'44','Srishti',2,'[{"changed": {"fields": ["Email address"]}}]',4,1,'2024-10-27 18:37:47.918000');
INSERT INTO django_admin_log VALUES(111,'45','Joel',1,'[{"added": {}}]',4,1,'2024-10-27 18:38:08.575000');
INSERT INTO django_admin_log VALUES(112,'45','Joel',2,'[{"changed": {"fields": ["Email address"]}}]',4,1,'2024-10-27 18:38:27.594000');
INSERT INTO django_admin_log VALUES(113,'46','Faisal_Shaikh',1,'[{"added": {}}]',4,1,'2024-10-27 18:38:56.082000');
INSERT INTO django_admin_log VALUES(114,'10','Abhilasha',1,'[{"added": {}}]',9,1,'2024-10-27 18:39:53.559000');
INSERT INTO django_admin_log VALUES(115,'11','Amit_Gupta',1,'[{"added": {}}]',9,1,'2024-10-27 18:40:13.083000');
INSERT INTO django_admin_log VALUES(116,'12','Aviral_Kanodia',1,'[{"added": {}}]',9,1,'2024-10-27 18:40:35.438000');
INSERT INTO django_admin_log VALUES(117,'13','Ayush_Khopade',1,'[{"added": {}}]',9,1,'2024-10-27 18:40:53.876000');
INSERT INTO django_admin_log VALUES(118,'14','Bhavesh_Kataria',1,'[{"added": {}}]',9,1,'2024-10-27 18:41:17.410000');
INSERT INTO django_admin_log VALUES(119,'15','Chinmay_Singh',1,'[{"added": {}}]',9,1,'2024-10-27 18:41:34.495000');
INSERT INTO django_admin_log VALUES(120,'16','Dinesh_Kumar',1,'[{"added": {}}]',9,1,'2024-10-27 18:41:50.850000');
INSERT INTO django_admin_log VALUES(121,'17','Dr_Blessy',1,'[{"added": {}}]',9,1,'2024-10-27 18:42:09.708000');
INSERT INTO django_admin_log VALUES(122,'18','Dr_Manvi',1,'[{"added": {}}]',9,1,'2024-10-27 18:42:26.609000');
INSERT INTO django_admin_log VALUES(123,'19','Dr_Raji',1,'[{"added": {}}]',9,1,'2024-10-27 18:42:41.073000');
INSERT INTO django_admin_log VALUES(124,'20','Dr_Subha',1,'[{"added": {}}]',9,1,'2024-10-27 18:42:58.766000');
INSERT INTO django_admin_log VALUES(125,'21','Faisal_Shaikh',1,'[{"added": {}}]',9,1,'2024-10-27 18:43:13.286000');
INSERT INTO django_admin_log VALUES(126,'22','Gopala_Krishnan',1,'[{"added": {}}]',9,1,'2024-10-27 18:43:24.066000');
INSERT INTO django_admin_log VALUES(127,'23','Gunjit_Sinha',1,'[{"added": {}}]',9,1,'2024-10-27 18:43:43.698000');
INSERT INTO django_admin_log VALUES(128,'24','Hima_Shaju',1,'[{"added": {}}]',9,1,'2024-10-27 18:44:02.600000');
INSERT INTO django_admin_log VALUES(129,'25','Janvi_Ojha',1,'[{"added": {}}]',9,1,'2024-10-27 18:44:26.110000');
INSERT INTO django_admin_log VALUES(130,'26','Joel',1,'[{"added": {}}]',9,1,'2024-10-27 18:44:42.160000');
INSERT INTO django_admin_log VALUES(131,'27','Khushan_Poptani',1,'[{"added": {}}]',9,1,'2024-10-27 18:45:02.115000');
INSERT INTO django_admin_log VALUES(132,'28','Lokesh_Mehra',1,'[{"added": {}}]',9,1,'2024-10-27 18:45:25.846000');
INSERT INTO django_admin_log VALUES(133,'29','M.Reddy_Devi_Vara_Prasad',1,'[{"added": {}}]',9,1,'2024-10-27 18:45:35.362000');
INSERT INTO django_admin_log VALUES(134,'30','Mubashir',1,'[{"added": {}}]',9,1,'2024-10-27 18:45:52.443000');
INSERT INTO django_admin_log VALUES(135,'31','Nikhil_Verma',1,'[{"added": {}}]',9,1,'2024-10-27 18:46:14.400000');
INSERT INTO django_admin_log VALUES(136,'32','Niomi_Samani',1,'[{"added": {}}]',9,1,'2024-10-27 18:46:34.207000');
INSERT INTO django_admin_log VALUES(137,'33','Prathamesh',1,'[{"added": {}}]',9,1,'2024-10-27 18:46:54.108000');
INSERT INTO django_admin_log VALUES(138,'34','Prathamesh_Jadhav',1,'[{"added": {}}]',9,1,'2024-10-27 18:47:23.458000');
INSERT INTO django_admin_log VALUES(139,'35','Ram_Choudhary',1,'[{"added": {}}]',9,1,'2024-10-27 18:47:37.930000');
INSERT INTO django_admin_log VALUES(140,'36','Rashmi_Mohan',1,'[{"added": {}}]',9,1,'2024-10-27 18:47:55.309000');
INSERT INTO django_admin_log VALUES(141,'37','Rounak',1,'[{"added": {}}]',9,1,'2024-10-27 18:48:15.614000');
INSERT INTO django_admin_log VALUES(142,'38','Sheyla_Gowher',1,'[{"added": {}}]',9,1,'2024-10-27 18:48:39.588000');
INSERT INTO django_admin_log VALUES(143,'39','Shivani_Kanathia',1,'[{"added": {}}]',9,1,'2024-10-27 18:48:54.024000');
INSERT INTO django_admin_log VALUES(144,'40','Simran_Galani',1,'[{"added": {}}]',9,1,'2024-10-27 18:49:15.014000');
INSERT INTO django_admin_log VALUES(145,'41','Souvik',1,'[{"added": {}}]',9,1,'2024-10-27 18:49:31.455000');
INSERT INTO django_admin_log VALUES(146,'42','Srishti',1,'[{"added": {}}]',9,1,'2024-10-27 18:49:57.032000');
INSERT INTO django_admin_log VALUES(147,'43','Sweta',1,'[{"added": {}}]',9,1,'2024-10-27 18:50:15.112000');
INSERT INTO django_admin_log VALUES(148,'44','Taniya_Adwani',1,'[{"added": {}}]',9,1,'2024-10-27 18:50:40.495000');
INSERT INTO django_admin_log VALUES(149,'45','Vaibhavi_Konde',1,'[{"added": {}}]',9,1,'2024-10-27 18:50:57.764000');
INSERT INTO django_admin_log VALUES(150,'11','Amit_Gupta',2,'[{"changed": {"fields": ["Department"]}}]',9,1,'2024-10-27 18:51:46.470000');
INSERT INTO django_admin_log VALUES(151,'22','Gopala_Krishnan',2,'[{"changed": {"fields": ["Department"]}}]',9,1,'2024-10-27 18:51:55.939000');
INSERT INTO django_admin_log VALUES(152,'8','MAN-SX5DQ5',3,'',8,1,'2024-10-27 18:52:31.065000');
INSERT INTO django_admin_log VALUES(153,'7','MAN-CJLA4E',3,'',8,1,'2024-10-27 18:52:36.893000');
INSERT INTO django_admin_log VALUES(154,'6','TEC-HXTAU1',3,'',8,1,'2024-10-27 18:52:42.635000');
INSERT INTO django_admin_log VALUES(155,'5','TEC-ZB6WEZ',3,'',8,1,'2024-10-27 18:52:47.091000');
INSERT INTO django_admin_log VALUES(156,'3','TEC-PW9A4O',3,'',8,1,'2024-10-27 18:52:53.196000');
INSERT INTO django_admin_log VALUES(157,'2','TEC-2TG2JE',3,'',8,1,'2024-10-27 18:52:57.818000');
INSERT INTO django_admin_log VALUES(158,'1','MAN-T1F8DM',3,'',8,1,'2024-10-27 18:53:02.700000');
INSERT INTO django_admin_log VALUES(159,'10','TEC-NFQ6CG',2,'[{"changed": {"fields": ["Task category functional", "Task category priority", "Status update assignee"]}}]',8,1,'2024-10-27 20:26:07.948000');
INSERT INTO django_admin_log VALUES(160,'1','System_Manager',2,'[{"changed": {"fields": ["Username", "Email address"]}}]',4,1,'2024-10-28 11:42:04.650000');
INSERT INTO django_admin_log VALUES(161,'1','System_Manager',2,'[{"changed": {"fields": ["Username", "Email address"]}}]',4,1,'2024-10-28 11:42:04.681000');
INSERT INTO django_admin_log VALUES(162,'19','M.Reddy_Devi_Vara_Prasad',2,'[{"changed": {"fields": ["First name", "Last name"]}}]',4,1,'2024-11-10 04:43:38.589572');
INSERT INTO django_admin_log VALUES(163,'19','M.Reddy_Devi_Vara_Prasad',2,'[{"changed": {"fields": ["First name", "Last name"]}}]',4,1,'2024-11-10 04:44:30.032587');
INSERT INTO django_admin_log VALUES(164,'29','TEC-1H8HDE',1,'[{"added": {}}]',8,1,'2024-11-10 16:13:20.602828');
INSERT INTO django_admin_log VALUES(165,'30','CON-FI582V',1,'[{"added": {}}]',8,1,'2024-11-10 16:27:27.621783');
INSERT INTO django_admin_log VALUES(166,'30','CON-FI582V',2,'[{"changed": {"fields": ["Assigned to"]}}]',8,1,'2024-11-10 16:27:52.243652');
INSERT INTO django_admin_log VALUES(167,'31','CON-T3IGTL',1,'[{"added": {}}]',8,1,'2024-11-10 16:37:11.518516');
INSERT INTO django_admin_log VALUES(168,'36','PRO-6FBSD5',1,'[{"added": {}}]',8,1,'2024-11-10 18:20:53.841726');
INSERT INTO django_admin_log VALUES(169,'25','Lokesh_Mehra',2,'[{"changed": {"fields": ["First name", "Last name"]}}]',4,1,'2024-11-10 20:29:39.259431');
INSERT INTO django_admin_log VALUES(170,'1','System_Manager',2,'[{"changed": {"fields": ["First name", "Last name"]}}]',4,1,'2024-11-10 20:29:55.817848');
INSERT INTO django_admin_log VALUES(171,'1','System_Manager',2,'[{"changed": {"fields": ["First name", "Last name"]}}]',4,1,'2024-11-10 20:42:34.810788');
INSERT INTO django_admin_log VALUES(172,'40','PRO-EJ5P4N',1,'[{"added": {}}]',8,1,'2024-11-11 09:00:21.816041');
INSERT INTO django_admin_log VALUES(173,'47','Lokesh',1,'[{"added": {}}]',4,1,'2024-11-11 09:12:22.447972');
INSERT INTO django_admin_log VALUES(174,'47','Lokesh',2,'[{"changed": {"fields": ["First name", "Last name", "Email address"]}}]',4,1,'2024-11-11 09:12:52.315343');
INSERT INTO django_admin_log VALUES(175,'47','Lokesh',2,'[]',4,1,'2024-11-11 09:13:48.712381');
INSERT INTO django_admin_log VALUES(176,'47','Lokesh',2,'[]',4,1,'2024-11-11 09:13:53.332568');
INSERT INTO django_admin_log VALUES(177,'46','Lokesh',1,'[{"added": {}}]',9,1,'2024-11-11 09:15:11.078247');
INSERT INTO django_admin_log VALUES(178,'46','Lokesh',2,'[]',9,1,'2024-11-11 09:15:13.014785');
INSERT INTO django_admin_log VALUES(179,'47','Lokesh',2,'[{"changed": {"fields": ["Email address"]}}]',4,1,'2024-11-11 09:27:03.923674');
INSERT INTO django_admin_log VALUES(180,'47','Lokesh',2,'[{"changed": {"fields": ["Email address"]}}]',4,1,'2024-11-11 09:52:28.770148');
INSERT INTO django_admin_log VALUES(181,'42','SAL-U5OCH5',1,'[{"added": {}}]',8,1,'2024-11-11 11:41:09.670064');
INSERT INTO django_admin_log VALUES(182,'9','TEC-JLKMTE',3,'',8,1,'2024-11-11 12:22:07.518081');
INSERT INTO django_admin_log VALUES(183,'10','TEC-NFQ6CG',3,'',8,1,'2024-11-11 12:22:13.009192');
INSERT INTO django_admin_log VALUES(184,'11','CON-YOYCOT',3,'',8,1,'2024-11-11 12:22:18.077389');
INSERT INTO django_admin_log VALUES(185,'12','TEC-M3L01J',3,'',8,1,'2024-11-11 12:22:27.945426');
INSERT INTO django_admin_log VALUES(186,'13','TEC-K9GTU0',3,'',8,1,'2024-11-11 12:22:33.105769');
INSERT INTO django_admin_log VALUES(187,'16','TEC-9H52H0',3,'',8,1,'2024-11-11 12:22:38.398702');
INSERT INTO django_admin_log VALUES(188,'15','TEC-ADDILX',3,'',8,1,'2024-11-11 12:22:44.304116');
INSERT INTO django_admin_log VALUES(189,'17','TEC-PP7JBW',3,'',8,1,'2024-11-11 12:22:50.797002');
INSERT INTO django_admin_log VALUES(190,'18','TEC-FS4QDZ',3,'',8,1,'2024-11-11 12:22:57.746023');
INSERT INTO django_admin_log VALUES(191,'14','TEC-9XKLML',3,'',8,1,'2024-11-11 12:23:02.544871');
INSERT INTO django_admin_log VALUES(192,'19','TEC-N3EHVL',3,'',8,1,'2024-11-11 12:23:08.397396');
INSERT INTO django_admin_log VALUES(193,'20','TEC-MVV245',3,'',8,1,'2024-11-11 12:23:14.053613');
INSERT INTO django_admin_log VALUES(194,'21','TEC-AN8GWV',3,'',8,1,'2024-11-11 12:23:19.961542');
INSERT INTO django_admin_log VALUES(195,'22','TEC-M25RAF',3,'',8,1,'2024-11-11 12:23:24.933431');
INSERT INTO django_admin_log VALUES(196,'24','TEC-QDIZA2',3,'',8,1,'2024-11-11 12:23:29.447724');
INSERT INTO django_admin_log VALUES(197,'23','TEC-Z0AF61',3,'',8,1,'2024-11-11 12:23:34.131282');
INSERT INTO django_admin_log VALUES(198,'25','PRO-YJBZ5F',3,'',8,1,'2024-11-11 12:23:38.843021');
INSERT INTO django_admin_log VALUES(199,'26','MAN-9M5SOP',3,'',8,1,'2024-11-11 12:23:43.743327');
INSERT INTO django_admin_log VALUES(200,'27','PRO-CYRJL0',3,'',8,1,'2024-11-11 12:23:48.312543');
INSERT INTO django_admin_log VALUES(201,'28','PRO-Q2VGD0',3,'',8,1,'2024-11-11 12:23:54.885731');
INSERT INTO django_admin_log VALUES(202,'6','Customer Support',1,'[{"added": {}}]',7,1,'2024-11-13 10:05:27.268565');
INSERT INTO django_admin_log VALUES(203,'7','HR',1,'[{"added": {}}]',7,1,'2024-11-13 10:05:38.201294');
INSERT INTO django_admin_log VALUES(204,'8','Non Management Staff',1,'[{"added": {}}]',7,1,'2024-11-13 10:05:49.996408');
INSERT INTO django_admin_log VALUES(205,'9','Publishing Team',1,'[{"added": {}}]',7,1,'2024-11-13 10:06:10.587074');
INSERT INTO django_admin_log VALUES(206,'10','Help desk',1,'[{"added": {}}]',7,1,'2024-11-13 10:06:20.519856');
INSERT INTO django_admin_log VALUES(207,'1','Executive┬áManagers',2,'[{"changed": {"fields": ["Name"]}}]',7,1,'2024-11-13 10:06:32.563081');
INSERT INTO django_admin_log VALUES(208,'5','TECHNOLOGY',2,'[]',7,1,'2024-11-13 13:52:26.890604');
INSERT INTO django_admin_log VALUES(209,'43','Abhilasha',2,'[{"changed": {"fields": ["First name"]}}]',4,1,'2024-11-13 13:54:26.033728');
INSERT INTO django_admin_log VALUES(210,'20','Aviral_Kanodia',2,'[{"changed": {"fields": ["First name", "Last name"]}}]',4,1,'2024-11-13 13:54:52.050907');
INSERT INTO django_admin_log VALUES(211,'28','Ayush_Khopade',2,'[{"changed": {"fields": ["First name", "Last name"]}}]',4,1,'2024-11-13 13:55:05.340913');
INSERT INTO django_admin_log VALUES(212,'29','Bhavesh_Kataria',2,'[{"changed": {"fields": ["First name", "Last name"]}}]',4,1,'2024-11-13 13:55:18.587521');
INSERT INTO django_admin_log VALUES(213,'26','Chinmay_Singh',2,'[{"changed": {"fields": ["First name", "Last name"]}}]',4,1,'2024-11-13 13:55:31.216082');
INSERT INTO django_admin_log VALUES(214,'31','Dinesh_Kumar',2,'[{"changed": {"fields": ["First name", "Last name"]}}]',4,1,'2024-11-13 13:55:44.178984');
INSERT INTO django_admin_log VALUES(215,'37','Dr_Blessy',2,'[{"changed": {"fields": ["First name"]}}]',4,1,'2024-11-13 13:55:53.921620');
INSERT INTO django_admin_log VALUES(216,'40','Dr_Manvi',2,'[{"changed": {"fields": ["First name"]}}]',4,1,'2024-11-13 13:56:03.922562');
INSERT INTO django_admin_log VALUES(217,'38','Dr_Raji',2,'[{"changed": {"fields": ["First name"]}}]',4,1,'2024-11-13 13:56:14.219653');
INSERT INTO django_admin_log VALUES(218,'39','Dr_Subha',2,'[{"changed": {"fields": ["First name"]}}]',4,1,'2024-11-13 13:56:25.071896');
INSERT INTO django_admin_log VALUES(219,'46','Faisal_Shaikh',2,'[{"changed": {"fields": ["First name", "Last name"]}}]',4,1,'2024-11-13 13:56:50.009597');
INSERT INTO django_admin_log VALUES(220,'24','Gunjit_Sinha',2,'[{"changed": {"fields": ["First name", "Last name"]}}]',4,1,'2024-11-13 13:57:04.641956');
INSERT INTO django_admin_log VALUES(221,'27','Hima_Shaju',2,'[{"changed": {"fields": ["First name", "Last name"]}}]',4,1,'2024-11-13 13:57:17.218829');
INSERT INTO django_admin_log VALUES(222,'45','Joel',2,'[{"changed": {"fields": ["First name"]}}]',4,1,'2024-11-13 13:57:27.920357');
INSERT INTO django_admin_log VALUES(223,'22','Khushan_Poptani',2,'[{"changed": {"fields": ["First name", "Last name"]}}]',4,1,'2024-11-13 13:57:39.984761');
INSERT INTO django_admin_log VALUES(224,'34','Mubashir',2,'[{"changed": {"fields": ["First name"]}}]',4,1,'2024-11-13 13:57:54.051556');
INSERT INTO django_admin_log VALUES(225,'23','Nikhil_Verma',2,'[{"changed": {"fields": ["First name", "Last name"]}}]',4,1,'2024-11-13 13:58:06.113482');
INSERT INTO django_admin_log VALUES(226,'21','Niomi_Samani',2,'[{"changed": {"fields": ["First name", "Last name"]}}]',4,1,'2024-11-13 13:58:17.604595');
INSERT INTO django_admin_log VALUES(227,'41','Prathamesh',2,'[{"changed": {"fields": ["First name"]}}]',4,1,'2024-11-13 13:58:27.076195');
INSERT INTO django_admin_log VALUES(228,'32','Ram_Choudhary',2,'[{"changed": {"fields": ["First name", "Last name"]}}]',4,1,'2024-11-13 13:58:38.524435');
INSERT INTO django_admin_log VALUES(229,'33','Rashmi_Mohan',2,'[{"changed": {"fields": ["First name", "Last name"]}}]',4,1,'2024-11-13 13:58:54.655551');
INSERT INTO django_admin_log VALUES(230,'35','Souvik',2,'[{"changed": {"fields": ["First name"]}}]',4,1,'2024-11-13 13:59:03.511966');
INSERT INTO django_admin_log VALUES(231,'44','Srishti',2,'[{"changed": {"fields": ["First name"]}}]',4,1,'2024-11-13 13:59:11.808586');
INSERT INTO django_admin_log VALUES(232,'42','Sweta',2,'[{"changed": {"fields": ["First name"]}}]',4,1,'2024-11-13 13:59:20.615927');
INSERT INTO django_admin_log VALUES(233,'30','Vaibhavi_Konde',2,'[{"changed": {"fields": ["First name", "Last name"]}}]',4,1,'2024-11-13 13:59:33.970763');
INSERT INTO django_admin_log VALUES(234,'36','Rounak',2,'[{"changed": {"fields": ["First name"]}}]',4,1,'2024-11-13 13:59:44.340105');
INSERT INTO django_admin_log VALUES(235,'2','LKM05',3,'',4,1,'2024-11-13 13:59:56.244816');
INSERT INTO django_admin_log VALUES(236,'13','Simran_Galani',2,'[{"changed": {"fields": ["Email address"]}}]',4,1,'2024-11-25 00:11:50.641760');
INSERT INTO django_admin_log VALUES(237,'19','M.Reddy_Devi_Vara_Prasad',2,'[{"changed": {"fields": ["Last name"]}}]',4,1,'2024-11-25 00:12:16.100195');
INSERT INTO django_admin_log VALUES(238,'5','TECHNOLOGY',2,'[{"changed": {"fields": ["Manager"]}}]',7,1,'2024-11-25 02:09:46.235313');
INSERT INTO django_admin_log VALUES(239,'4','SALES',2,'[{"changed": {"fields": ["Manager"]}}]',7,1,'2024-11-25 02:10:08.026771');
INSERT INTO django_admin_log VALUES(240,'19','M.Reddy_Devi_Vara_Prasad',2,'[{"changed": {"fields": ["Last name"]}}]',4,1,'2024-11-25 03:08:11.634446');
INSERT INTO django_admin_log VALUES(241,'13','Simran_Galani',2,'[{"changed": {"fields": ["Email address"]}}]',4,1,'2024-11-25 03:08:51.066439');
INSERT INTO django_admin_log VALUES(242,'19','M.Reddy_Devi_Vara_Prasad',2,'[{"changed": {"fields": ["Last name"]}}]',4,1,'2024-11-25 03:11:33.165116');
CREATE TABLE IF NOT EXISTS "django_content_type" ("id" integer NOT NULL PRIMARY KEY AUTO_INCREMENT, "app_label" varchar(100) NOT NULL, "model" varchar(100) NOT NULL);
INSERT INTO django_content_type VALUES(1,'admin','logentry');
INSERT INTO django_content_type VALUES(2,'auth','permission');
INSERT INTO django_content_type VALUES(3,'auth','group');
INSERT INTO django_content_type VALUES(4,'auth','user');
INSERT INTO django_content_type VALUES(5,'contenttypes','contenttype');
INSERT INTO django_content_type VALUES(6,'sessions','session');
INSERT INTO django_content_type VALUES(7,'task_app','department');
INSERT INTO django_content_type VALUES(8,'task_app','task');
INSERT INTO django_content_type VALUES(9,'task_app','userprofile');
INSERT INTO django_content_type VALUES(10,'task_app','activitylog');
CREATE TABLE IF NOT EXISTS "auth_permission" ("id" integer NOT NULL PRIMARY KEY AUTO_INCREMENT, "content_type_id" integer NOT NULL REFERENCES "django_content_type" ("id") DEFERRABLE INITIALLY DEFERRED, "codename" varchar(100) NOT NULL, "name" varchar(255) NOT NULL);
INSERT INTO auth_permission VALUES(1,1,'add_logentry','Can add log entry');
INSERT INTO auth_permission VALUES(2,1,'change_logentry','Can change log entry');
INSERT INTO auth_permission VALUES(3,1,'delete_logentry','Can delete log entry');
INSERT INTO auth_permission VALUES(4,1,'view_logentry','Can view log entry');
INSERT INTO auth_permission VALUES(5,2,'add_permission','Can add permission');
INSERT INTO auth_permission VALUES(6,2,'change_permission','Can change permission');
INSERT INTO auth_permission VALUES(7,2,'delete_permission','Can delete permission');
INSERT INTO auth_permission VALUES(8,2,'view_permission','Can view permission');
INSERT INTO auth_permission VALUES(9,3,'add_group','Can add group');
INSERT INTO auth_permission VALUES(10,3,'change_group','Can change group');
INSERT INTO auth_permission VALUES(11,3,'delete_group','Can delete group');
INSERT INTO auth_permission VALUES(12,3,'view_group','Can view group');
INSERT INTO auth_permission VALUES(13,4,'add_user','Can add user');
INSERT INTO auth_permission VALUES(14,4,'change_user','Can change user');
INSERT INTO auth_permission VALUES(15,4,'delete_user','Can delete user');
INSERT INTO auth_permission VALUES(16,4,'view_user','Can view user');
INSERT INTO auth_permission VALUES(17,5,'add_contenttype','Can add content type');
INSERT INTO auth_permission VALUES(18,5,'change_contenttype','Can change content type');
INSERT INTO auth_permission VALUES(19,5,'delete_contenttype','Can delete content type');
INSERT INTO auth_permission VALUES(20,5,'view_contenttype','Can view content type');
INSERT INTO auth_permission VALUES(21,6,'add_session','Can add session');
INSERT INTO auth_permission VALUES(22,6,'change_session','Can change session');
INSERT INTO auth_permission VALUES(23,6,'delete_session','Can delete session');
INSERT INTO auth_permission VALUES(24,6,'view_session','Can view session');
INSERT INTO auth_permission VALUES(25,7,'add_department','Can add department');
INSERT INTO auth_permission VALUES(26,7,'change_department','Can change department');
INSERT INTO auth_permission VALUES(27,7,'delete_department','Can delete department');
INSERT INTO auth_permission VALUES(28,7,'view_department','Can view department');
INSERT INTO auth_permission VALUES(29,8,'add_task','Can add task');
INSERT INTO auth_permission VALUES(30,8,'change_task','Can change task');
INSERT INTO auth_permission VALUES(31,8,'delete_task','Can delete task');
INSERT INTO auth_permission VALUES(32,8,'view_task','Can view task');
INSERT INTO auth_permission VALUES(33,9,'add_userprofile','Can add user profile');
INSERT INTO auth_permission VALUES(34,9,'change_userprofile','Can change user profile');
INSERT INTO auth_permission VALUES(35,9,'delete_userprofile','Can delete user profile');
INSERT INTO auth_permission VALUES(36,9,'view_userprofile','Can view user profile');
INSERT INTO auth_permission VALUES(37,10,'add_activitylog','Can add activity log');
INSERT INTO auth_permission VALUES(38,10,'change_activitylog','Can change activity log');
INSERT INTO auth_permission VALUES(39,10,'delete_activitylog','Can delete activity log');
INSERT INTO auth_permission VALUES(40,10,'view_activitylog','Can view activity log');
CREATE TABLE IF NOT EXISTS "auth_group" ("id" integer NOT NULL PRIMARY KEY AUTO_INCREMENT, "name" varchar(150) NOT NULL UNIQUE);
CREATE TABLE IF NOT EXISTS "auth_user" ("id" integer NOT NULL PRIMARY KEY AUTO_INCREMENT, "password" varchar(128) NOT NULL, "last_login" datetime NULL, "is_superuser" bool NOT NULL, "username" varchar(150) NOT NULL UNIQUE, "last_name" varchar(150) NOT NULL, "email" varchar(254) NOT NULL, "is_staff" bool NOT NULL, "is_active" bool NOT NULL, "date_joined" datetime NOT NULL, "first_name" varchar(150) NOT NULL);
INSERT INTO auth_user VALUES(1,'pbkdf2_sha256$870000$jJAd3qUsZV2Dokdzz5IOM5$2G9uxLFuyJV48oFEypAnPSpq2cQQjbv4pGI+qagNIDE=','2024-11-26 09:07:51.785634',1,'System_Manager','','abc@gmail.com',1,1,'2024-10-21 18:25:41','System Manager');
INSERT INTO auth_user VALUES(11,'pbkdf2_sha256$870000$WAEre7frABxJqRxqK6LNUJ$Znyn0pmiPpiRcsKBWAZTrzozQtXGb5t7+9zTkCnh8JY=','2024-11-23 12:08:31.823575',0,'Gopala_Krishnan','Krishnan','gopala.krishnan@inditech.co.in',0,1,'2024-10-27 18:08:14','Gopala');
INSERT INTO auth_user VALUES(12,'pbkdf2_sha256$870000$OcxeyCeSruLu9rQib6lIJd$EBde75ByyJng96/Qd64HbrnaW8QmXXG9nEiMDcBN62o=',NULL,0,'Amit_Gupta','Gupta','amit@inditech.co.in',0,1,'2024-10-27 18:10:25','Amit');
INSERT INTO auth_user VALUES(13,'pbkdf2_sha256$870000$omxV0nEcFJIz5OeVwktFbL$XNMXCiP4BOMmjKkgle7dlRNBE0Nk+JN/4o548wrlynk=','2024-11-25 00:13:37',0,'Simran_Galani','Galani','simran.galani@inditech.co.in',0,1,'2024-10-27 18:11:12','Simran');
INSERT INTO auth_user VALUES(14,'pbkdf2_sha256$870000$penxB1Vn7RPhbyYdnLfSWJ$iGbm7VUW9TsUxYR+DdQUK8iM7symOVS1baqOHAGUgIQ=',NULL,0,'Janvi_Ojha','Ojha','janvi.ojha@inditech.co.in',0,1,'2024-10-27 18:13:13','Janvi');
INSERT INTO auth_user VALUES(15,'pbkdf2_sha256$870000$B5ZMfQ6P7w8dWC0b8fS3sz$5eKXY8Gz0idoRtX/EYOKXR0HP5ZsZmqOK3jfgwlrxIk=',NULL,0,'Shivani_Kanathia','Kanathia','shivani.kanathia@inditech.co.in',0,1,'2024-10-27 18:14:02','Shivani');
INSERT INTO auth_user VALUES(16,'pbkdf2_sha256$870000$gEZ9tufOkhI35hNdlR5TeR$U/8eU0ACTdrUtW3gXxul3/ZJTH2b92NtpDuXH/0yp8k=','2024-11-23 12:07:01.850538',0,'Sheyla_Gowher','Gowher','sheyla.gowher@inditech.co.in',0,1,'2024-10-27 18:15:19','Sheyla');
INSERT INTO auth_user VALUES(17,'pbkdf2_sha256$870000$BbTCi9kgfWpq2c1tfqpOp7$Qujtr1iPZjisqBk3xcNe6V5KoIfMq43P7vJWRBKyDDg=',NULL,0,'Taniya_Adwani','Adwani','taniya.adwani@inditech.co.in',0,1,'2024-10-27 18:16:20','Taniya');
INSERT INTO auth_user VALUES(18,'pbkdf2_sha256$870000$jQDe6zjgQjMVETEoNEIY2o$zmf7mYGdBrX1nr0sBnFognRnXDW8d2Wrt0NM93s/oJs=',NULL,0,'Prathamesh_Jadhav','Jadhav','prathamesh.jadhav@inditech.co.in',0,1,'2024-10-27 18:17:26','Prathamesh');
INSERT INTO auth_user VALUES(19,'pbkdf2_sha256$870000$PCJjBn96JQWMEJY9Obzgvz$XHMwooTFWLmoqe1u6B8k/QCHFqO0XC/wgc30a/yLayM=','2024-11-10 07:27:52',0,'M.Reddy_Devi_Vara_Prasad','','dev.prasad@inditech.co.in',0,1,'2024-10-27 18:18:36','M Reddy Devi Vara Prasad');
INSERT INTO auth_user VALUES(20,'pbkdf2_sha256$870000$n1PuH77KsBYcBkr8BkWbt6$8HwBwqG67X2F8h9W53XUXC29aog1ECyT2d0UbudrTGA=',NULL,0,'Aviral_Kanodia','Kanodia','aviral.kanodia@inditech.co.in',0,1,'2024-10-27 18:19:15','Aviral');
INSERT INTO auth_user VALUES(21,'pbkdf2_sha256$870000$xdySDQlT83gkcx32bBk3pU$gK2SwcWaSah3XgV/DfOh4WBtSCXwBrVBH3LmP0w1O3o=','2024-10-27 20:32:35',0,'Niomi_Samani','Samani','niomi.samani@inditech.co.in',0,1,'2024-10-27 18:20:02','Niomi');
INSERT INTO auth_user VALUES(22,'pbkdf2_sha256$870000$fuSBd1ri3zmwZ42iYj5BJN$CJ3iFzXGs/XMGR9/J4rPPfO6WSWVMVo2tHuN4qLQeMw=',NULL,0,'Khushan_Poptani','Poptani','khushan.poptani@inditech.co.in',0,1,'2024-10-27 18:20:35','Khushan');
INSERT INTO auth_user VALUES(23,'pbkdf2_sha256$870000$bjHScMRnqyKDHoY2JAjQTj$NIVztLep9N01l2KlvTt2GwpHcWxwfKI3u2vY0yBtuq8=',NULL,0,'Nikhil_Verma','Verma','nikhil.verma@inditech.co.in',0,1,'2024-10-27 18:21:17','Nikhil');
INSERT INTO auth_user VALUES(24,'pbkdf2_sha256$870000$dFkZoJYxaF8emk56tbYAjY$RqSlPpFiX0tbafbqUIhP11hBVTqF1IVPuOsi5RVAjQ0=',NULL,0,'Gunjit_Sinha','Sinha','gunjit.sinha@inditech.co.in',0,1,'2024-10-27 18:21:58','Gunjit');
INSERT INTO auth_user VALUES(25,'pbkdf2_sha256$870000$wqTcxKL5dFlZ5aLga2fRiv$t+U0Cgwomy/A178u5bw/mJPqCbS2pvZRhS7UAsmznlk=','2024-11-25 02:29:24.996961',0,'Lokesh_Mehra','Mehra','lokesh.mehra@inditech.co.in',0,1,'2024-10-27 18:22:37','Lokesh');
INSERT INTO auth_user VALUES(26,'pbkdf2_sha256$870000$HCUs2voIfHzgg6rorWkT3l$ewOw2vyDpdL4gcedAYEsJ6P/EW0sJDtIPL2RRfnUf5U=',NULL,0,'Chinmay_Singh','Singh','chinmay.singh@inditech.co.in',0,1,'2024-10-27 18:23:16','Chinmay');
INSERT INTO auth_user VALUES(27,'pbkdf2_sha256$870000$nKrz6IzjyMWe3danLek7eE$4BXE/UODxzSJyuv/Ur+6527YFDhDNAh2WceGnikQMco=',NULL,0,'Hima_Shaju','Shaju','hima.shaju@inditech.co.in',0,1,'2024-10-27 18:23:54','Hima');
INSERT INTO auth_user VALUES(28,'pbkdf2_sha256$870000$FKT9ZE7rgzOtsbwuYWf3Gm$Ny9onf8F9GMEx1c4VOdB1uPI/yKELy+oGQ4+USY/3nk=',NULL,0,'Ayush_Khopade','Khopade','aayush.khopade@inditech.co.in',0,1,'2024-10-27 18:26:50','Ayush');
INSERT INTO auth_user VALUES(29,'pbkdf2_sha256$870000$CUdVZnlW2A3Zd4QSwARyb4$1aiEWPdP3SKf3/l65O4qALloscCYWGl3ct81UWjpz8M=',NULL,0,'Bhavesh_Kataria','Kataria','bhavesh.kataria@inditech.co.in',0,1,'2024-10-27 18:27:42','Bhavesh');
INSERT INTO auth_user VALUES(30,'pbkdf2_sha256$870000$IyD2uY9zPJQmbi9PJiNmgN$yk1SSlapDiloq1sxsdQSEYlbleKHY05zrIIPYdQlL4E=',NULL,0,'Vaibhavi_Konde','Konde','vaibhavi.konde@inditech.co.in',0,1,'2024-10-27 18:28:35','Vaibhavi');
INSERT INTO auth_user VALUES(31,'pbkdf2_sha256$870000$WJfYptr6vbGJrE0eOEqong$Ekw8IFRPtT+O8r11Wzz+TeVz5tZsfHyaESn7afwS3Mk=',NULL,0,'Dinesh_Kumar','Kumar','dinesh.kumar@inditech.co.in',0,1,'2024-10-27 18:29:15','Dinesh');
INSERT INTO auth_user VALUES(32,'pbkdf2_sha256$870000$Z5pVSfmnaYqUTXea8pDM5Q$LJ0dDtwyUpOOTkFHbvomtLf7FcHztZMcPuSwYm3GXqo=',NULL,0,'Ram_Choudhary','Choudhary','ram.choudhary@inditech.co.in',0,1,'2024-10-27 18:29:50','Ram');
INSERT INTO auth_user VALUES(33,'pbkdf2_sha256$870000$t8IirgE4sfMGeW6y7HJXwo$Gpqc3+PQQyINmpj4QH3gC5unChWQPwcNq0dzsaPaWBE=','2024-10-27 19:49:39',0,'Rashmi_Mohan','Mohan','rashmi.mohan@inditech.co.in',0,1,'2024-10-27 18:30:31','Rashmi');
INSERT INTO auth_user VALUES(34,'pbkdf2_sha256$870000$hrVBPqzbvwCXAFqIi0Ay5O$71PeT7yYZ1j2DwIY9okeJI4bo/UWoa1T39Dq5+YG82Q=',NULL,0,'Mubashir','','shaikh.mubashir@inditech.co.in',0,1,'2024-10-27 18:31:09','Mubashir');
INSERT INTO auth_user VALUES(35,'pbkdf2_sha256$870000$lAXNYTPcSMiq45t6JiIKFK$/+U486Spar9qA9RtcTG6ZZL2/KaBFO9MCrhImimqYUg=',NULL,0,'Souvik','','souvik.dutta@inditech.co.in',0,1,'2024-10-27 18:31:42','Souvik');
INSERT INTO auth_user VALUES(36,'pbkdf2_sha256$870000$NL302yGSiwPWezZ47nPOc8$qF598/Kl6g3v0hlUEp3yUmnwo0EYoUSB8wWykQ9Anb0=',NULL,0,'Rounak','','rounak.das@inditech.co.in',0,1,'2024-10-27 18:32:21','Rounak');
INSERT INTO auth_user VALUES(37,'pbkdf2_sha256$870000$o3iBU91SKfxuJU0m1P7BMN$ksi3U+KlAfBwGQKa56Hu+YFQl0DMwc618wyUCUPG6wg=',NULL,0,'Dr_Blessy','','',0,1,'2024-10-27 18:33:11','Dr Blessy');
INSERT INTO auth_user VALUES(38,'pbkdf2_sha256$870000$l9S4XjGYF1xuuSGkcHEmyd$274FEDS0A71Iqm5y6CddrX9D8iaNsPI4jYag9Zk7fVE=',NULL,0,'Dr_Raji','','raj.chandran@inditech.co.in',0,1,'2024-10-27 18:33:34','Dr Raji');
INSERT INTO auth_user VALUES(39,'pbkdf2_sha256$870000$RUUj4fjAIvKJdIFVfQJVFr$Ko9T/U8ppAk+wt3mjere1QN3gMO9VwGmYVVPW38odwE=',NULL,0,'Dr_Subha','','subha.metya@inditech.co.in',0,1,'2024-10-27 18:34:11','Dr Subha');
INSERT INTO auth_user VALUES(40,'pbkdf2_sha256$870000$hpoKy1cHmEia53FJTh6ye0$2wqQ9TbjqJbeYcyKQByUXrbqalAUK2Ok2M2jI476Jn8=',NULL,0,'Dr_Manvi','','manvi.mukherjee@inditech.co.in',0,1,'2024-10-27 18:34:48','Dr Manvi');
INSERT INTO auth_user VALUES(41,'pbkdf2_sha256$870000$681UPXJD6l86WV1mrnMyXE$qyBHLnBk3H89kefJ7Zl0uM4kFx5JRJ9yerIUNZkEqR4=',NULL,0,'Prathamesh','','prathamesh.jadhav@inditech.co.in',0,1,'2024-10-27 18:35:28','Prathamesh');
INSERT INTO auth_user VALUES(42,'pbkdf2_sha256$870000$e0buqeQRzsTcR4gBYZYACL$18WmeP7qAR+fl8fKSHwddpkq+r824QjoRg/epMGjGek=',NULL,0,'Sweta','','sweta.jha@inditech.co.in',0,1,'2024-10-27 18:36:03','Sweta');
INSERT INTO auth_user VALUES(43,'pbkdf2_sha256$870000$KhXNgefpZFbQdu2evv7LvI$sY8VRGmoiia1HW9T3Ksl0bUZU4so1+7G4PP2u8jFQPg=',NULL,0,'Abhilasha','','abhilasha.jha@inditech.co.in',0,1,'2024-10-27 18:36:47','Abhilasha');
INSERT INTO auth_user VALUES(44,'pbkdf2_sha256$870000$BoauUPf7uNvDF9fenHPmUe$lVcptESSKUtioY0wvz+bHuFZuSJRB5uyFk2R+8pVlnk=',NULL,0,'Srishti','','srishti.hingonia@inditech.co.in',0,1,'2024-10-27 18:37:35','Srishti');
INSERT INTO auth_user VALUES(45,'pbkdf2_sha256$870000$JZUgvH7kVuuYqXbTfedFiO$GhUFTZHOtsaxP+3jN3HgDC9U962/OtTPkOy+/Aa0U3A=',NULL,0,'Joel','','joelgeorge.george@gmail.com',0,1,'2024-10-27 18:38:07','Joel');
INSERT INTO auth_user VALUES(46,'pbkdf2_sha256$870000$7RKzl6L11lq7FuMcT2wFjD$wyFWCpPODIUusu6Jg91h/gneTJmLGG2MEJL3bYDUd2s=',NULL,0,'Faisal_Shaikh','Shaikh','',0,1,'2024-10-27 18:38:55','Faisal');
INSERT INTO auth_user VALUES(47,'pbkdf2_sha256$870000$4OVagpOGwtndfSmO8UiZye$vvLmuvskDatjmz95SSYU1v9u9fuCabiDH98IKaDiWsg=','2024-11-11 09:15:47',0,'Lokesh','Mehra','lkm.280104@gmail.com',0,1,'2024-11-11 09:12:21','Lokesh');
CREATE TABLE IF NOT EXISTS "django_session" ("session_key" varchar(40) NOT NULL PRIMARY KEY, "session_data" text NOT NULL, "expire_date" datetime NOT NULL);
INSERT INTO django_session VALUES('pyc4l4s010vy9qqe72cfgwdjfafhgq36','.eJxVjDsOwjAQBe_iGln-GyjpOYO13vXiALKlOKkQd4dIKaB9M_NeIsG61LSOMqeJxFkYcfjdMuCjtA3QHdqtS-xtmacsN0XudMhrp_K87O7fQYVRvzUqDE4xIlpyNhqjjtEhIGRmUIZ08BrYuExoo_dQvGVfiIPGYODkxfsDAGE4pg:1t5ZUu:QNJ_cK-g4W4MIJqeWftMBbbYyrvTotpfI3vz4JGl-dM','2024-11-11 23:50:08.646938');
INSERT INTO django_session VALUES('9ylq5kde8utt33904zm1tw88967cbam3','.eJxVjDsOwjAQBe_iGln-GyjpOYO13vXiALKlOKkQd4dIKaB9M_NeIsG61LSOMqeJxFkYcfjdMuCjtA3QHdqtS-xtmacsN0XudMhrp_K87O7fQYVRvzUqDE4xIlpyNhqjjtEhIGRmUIZ08BrYuExoo_dQvGVfiIPGYODkxfsDAGE4pg:1t5Zf8:63T2gpvWpAZPLMtUqqpXN_9wU4vTZhyVtKnsSNxHJe0','2024-11-12 00:00:42.780934');
INSERT INTO django_session VALUES('1v71pfe2xfs0d87ebotc3s5uff85c002','.eJxVjEEOwiAQRe_C2hDKCBaX7j0DGZgZqRpISrsy3l2bdKHb_977LxVxXUpcO89xInVWoA6_W8L84LoBumO9NZ1bXeYp6U3RO-362oifl939OyjYy7cWFjkRuwTkbApHFAzBgB1NsEgSxBpiltH5jDCQZwGDnq0zg5DxoN4fF6k4xg:1t2z7S:x3UncpcdNyO9nNxC2ZZv9zbO_6jSxziEBffv7DL1NHY','2024-11-04 20:35:14.689000');
INSERT INTO django_session VALUES('3ddtx4gi4ipbiiq3volur48aqa5usx0l','.eJxVjE0OgjAYRO_StWnaUlrq0j1nIN9fLWogobAy3l1IWGgyq3lv5q0G2NYybFWWYWR1Va26_HYI9JTpAPyA6T5rmqd1GVEfij5p1f3M8rqd7t9BgVr2tUsBW5upYQIx1nJGTwlTZxuKIXtvnDXIHTqJaQ95J0I-grQ-gLHq8wX1ETgt:1t3Tqe:kDVa8LIlWnhPp38qaipRDhG80p9VGPFrYcM4rbCco_A','2024-11-06 05:23:56.657000');
INSERT INTO django_session VALUES('5ji0se3jk2b1px4slsku64d0iwwkr2jg','.eJxVjEEOwiAQRe_C2hAGKFCX7j0DmYGpVA0kpV0Z765NutDtf-_9l4i4rSVunZc4Z3EWIE6_G2F6cN1BvmO9NZlaXZeZ5K7Ig3Z5bZmfl8P9OyjYy7dO1g5Zq0mlwZABYHbeBTeOxkGafECL6DMGMFoDaeOtVsQAgUlhDkm8P8hRN1o:1t5QaQ:sOYtt-xPu56x_HVRdRppt9GZ1jLl9IAOTM1_f2h4Tyc','2024-11-11 14:19:14.272000');
INSERT INTO django_session VALUES('74gioyv6stantrauqhu4gwm59o282976','.eJxVjEEOwiAQRe_C2hAGKFCX7j0DmYGpVA0kpV0Z765NutDtf-_9l4i4rSVunZc4Z3EWIE6_G2F6cN1BvmO9NZlaXZeZ5K7Ig3Z5bZmfl8P9OyjYy7dO1g5Zq0mlwZABYHbeBTeOxkGafECL6DMGMFoDaeOtVsQAgUlhDkm8P8hRN1o:1t59R7:caj06WO6AJOpWpcurxDBXVs581YViWzhFHd8_B7r0gU','2024-11-10 20:00:29.676000');
INSERT INTO django_session VALUES('7u6o0xguxw9571k9tv0pgdtq94nsker4','.eJxVjEEOwiAQRe_C2hAGKFCX7j0DmYGpVA0kpV0Z765NutDtf-_9l4i4rSVunZc4Z3EWIE6_G2F6cN1BvmO9NZlaXZeZ5K7Ig3Z5bZmfl8P9OyjYy7dO1g5Zq0mlwZABYHbeBTeOxkGafECL6DMGMFoDaeOtVsQAgUlhDkm8P8hRN1o:1t3M0S:2AMLeYTvWX3Gc1PWxr7-EHIygilDiIRY2VKnVT83e0k','2024-11-05 21:01:32.613000');
INSERT INTO django_session VALUES('8o8oor8q2hj1p1m00mcl7ddxi177xgnn','.eJxVjEEOwiAQRe_C2hDKCBaX7j0DGZgZqRpISrsy3l2bdKHb_977LxVxXUpcO89xInVWoA6_W8L84LoBumO9NZ1bXeYp6U3RO-362oifl939OyjYy7cWFjkRuwTkbApHFAzBgB1NsEgSxBpiltH5jDCQZwGDnq0zg5DxoN4fF6k4xg:1t2zFU:GtG_A91CPCPFdwbxfgAba-UM3H3jmdyK_Dw1xuyHrLQ','2024-11-04 20:43:32.920000');
INSERT INTO django_session VALUES('9hkp8vb2dvwwi64s094157co87jv12ex','.eJxVjMsOwiAQRf-FtSEwjDC4dN9vIMNDqRqalHZl_HfbpAvdnnPufYvA61LD2sscxiwuQitx-oWR07O03eQHt_sk09SWeYxyT-RhuxymXF7Xo_07qNzrtiZG7TTEW0znhAmQwRkD5LXNVNAbx1oZIlQbocyAQDazB-fJAqD4fAHdLzZb:1t3LSa:yGVOLIDUHCzoTcjQQaGuzaTlLZDM-JG3UqRxnSUF6-c','2024-11-05 20:26:32.061000');
INSERT INTO django_session VALUES('dczh270gyaoa7j68gpms8p25nrr20uuo','.eJxVjEEOwiAQRe_C2hDKCBaX7j0DGZgZqRpISrsy3l2bdKHb_977LxVxXUpcO89xInVWoA6_W8L84LoBumO9NZ1bXeYp6U3RO-362oifl939OyjYy7cWFjkRuwTkbApHFAzBgB1NsEgSxBpiltH5jDCQZwGDnq0zg5DxoN4fF6k4xg:1t2z6L:BP0HeijbsKhL4r4nmL7kIE-wbonVeTu3cmxXYvIpSQk','2024-11-04 20:34:05.494000');
INSERT INTO django_session VALUES('ek6rq7lixvd9l18wqw6kv0qht0ysfkrw','.eJxVjDEOwjAMRe-SGUWJqZOGkZ0zVHbskgJqpaadEHdHkTrA-t97_20G2rcy7FXXYRJzMeDN6Xdkyk-dG5EHzffF5mXe1oltU-xBq70toq_r4f4dFKql1RC7EFJmTkAJzyOqY6dInjNEkQweGRFGr-J85wJiJBHh3iuEXs3nCw4sOFQ:1t59wB:jpoLkBgbcy_DCzuYe5dhYm7uGUgzDVL26UdIkvDvOgI','2024-11-10 20:32:35.130000');
INSERT INTO django_session VALUES('f71shk0g1311cm01fxo0uas6kcf3ybfg','.eJxVjMsOwiAQRf-FtSEwjDC4dN9vIMNDqRqalHZl_HfbpAvdnnPufYvA61LD2sscxiwuQitx-oWR07O03eQHt_sk09SWeYxyT-RhuxymXF7Xo_07qNzrtiZG7TTEW0znhAmQwRkD5LXNVNAbx1oZIlQbocyAQDazB-fJAqD4fAHdLzZb:1t3UoP:yYnrX2IlfKd1xyeX8oWEjQ77yB9xhYUyfNQ2j1oCQD4','2024-11-06 06:25:41.162000');
INSERT INTO django_session VALUES('jaoh2k4ktyp9kjk95610owe6kgepvg56','.eJxVjEEOwiAQRe_C2hAGKFCX7j0DmYGpVA0kpV0Z765NutDtf-_9l4i4rSVunZc4Z3EWIE6_G2F6cN1BvmO9NZlaXZeZ5K7Ig3Z5bZmfl8P9OyjYy7dO1g5Zq0mlwZABYHbeBTeOxkGafECL6DMGMFoDaeOtVsQAgUlhDkm8P8hRN1o:1t3brb:Wjoqi6pwPwwRruoNlhh8xfc_OwcVeQ6Bvr63lDslYB4','2024-11-06 13:57:27.549000');
INSERT INTO django_session VALUES('kx0jh4t6v7pbs3g0vky2w4x086wdawwg','.eJxVjEEOwiAQRe_C2hDKCBaX7j0DGZgZqRpISrsy3l2bdKHb_977LxVxXUpcO89xInVWoA6_W8L84LoBumO9NZ1bXeYp6U3RO-362oifl939OyjYy7cWFjkRuwTkbApHFAzBgB1NsEgSxBpiltH5jDCQZwGDnq0zg5DxoN4fF6k4xg:1t2ywJ:wi0V-q5hoUAnDLTR4cg-PKbjn7wjzrkh4B9-ed5-9O0','2024-11-04 20:23:43.931000');
INSERT INTO django_session VALUES('o1p39vqx1ekvdik2flc3j3pevudqnrw5','.eJxVjEEOwiAQRe_C2hDKCBaX7j0DGZgZqRpISrsy3l2bdKHb_977LxVxXUpcO89xInVWoA6_W8L84LoBumO9NZ1bXeYp6U3RO-362oifl939OyjYy7cWFjkRuwTkbApHFAzBgB1NsEgSxBpiltH5jDCQZwGDnq0zg5DxoN4fF6k4xg:1t2zEZ:7qyphY2h-ui5XkQ2evK-C6lbbwdcxfzoVkp6ASimvps','2024-11-04 20:42:35.191000');
INSERT INTO django_session VALUES('owumjsycvxej809yvqoke5aqayfrwt91','.eJxVjE0OgjAYRO_StWnaUlrq0j1nIN9fLWogobAy3l1IWGgyq3lv5q0G2NYybFWWYWR1Va26_HYI9JTpAPyA6T5rmqd1GVEfij5p1f3M8rqd7t9BgVr2tUsBW5upYQIx1nJGTwlTZxuKIXtvnDXIHTqJaQ95J0I-grQ-gLHq8wX1ETgt:1t3F35:PFxCx1bBV6u8WI5q7DVHrz61tAz0jsXFdHD8N098_Cs','2024-11-05 13:35:47.171000');
INSERT INTO django_session VALUES('p5effk9vjy3rbrua04x92x6fjvzt7vwp','.eJxVjMsOwiAQRf-FtSEwjDC4dN9vIMNDqRqalHZl_HfbpAvdnnPufYvA61LD2sscxiwuQitx-oWR07O03eQHt_sk09SWeYxyT-RhuxymXF7Xo_07qNzrtiZG7TTEW0znhAmQwRkD5LXNVNAbx1oZIlQbocyAQDazB-fJAqD4fAHdLzZb:1t3KGR:CVrYrrw92PDbNEaLLn-CZOqqoZALWmA_NEHC4fA4rJo','2024-11-05 19:09:55.159000');
INSERT INTO django_session VALUES('ql3qwkazod0yia9smdrn4mkcr8zsrf47','.eJxVjEEOwiAQRe_C2hAGKFCX7j0DmYGpVA0kpV0Z765NutDtf-_9l4i4rSVunZc4Z3EWIE6_G2F6cN1BvmO9NZlaXZeZ5K7Ig3Z5bZmfl8P9OyjYy7dO1g5Zq0mlwZABYHbeBTeOxkGafECL6DMGMFoDaeOtVsQAgUlhDkm8P8hRN1o:1t3UX5:eF_7JqTLXFHwLk-WtVYx54Szj7NnT5KzKXp5xXgasqM','2024-11-06 06:07:47.890000');
INSERT INTO django_session VALUES('qu72z3nnw396lc1edz11k5kxojehkeft','.eJxVjEEOwiAQRe_C2hDKCBaX7j0DGZgZqRpISrsy3l2bdKHb_977LxVxXUpcO89xInVWoA6_W8L84LoBumO9NZ1bXeYp6U3RO-362oifl939OyjYy7cWFjkRuwTkbApHFAzBgB1NsEgSxBpiltH5jDCQZwGDnq0zg5DxoN4fF6k4xg:1t2z24:eNZz9recGcursSbP9YUCd8S6JnpIDrlv4IIYeovWaag','2024-11-04 20:29:40.269000');
INSERT INTO django_session VALUES('sfviyo66lso009v8ill6q4cxr5fnqkyf','.eJxVjMsOwiAQRf-FtSFAebp07zeQgRmkaiAp7cr479qkC93ec859sQjbWuM2aIkzsjNz7PS7JcgPajvAO7Rb57m3dZkT3xV-0MGvHel5Ody_gwqjfuvs0WiXLGlEa0haJzGJQp6y1sEkRTpPeipCACrjS0kBFUCQIMiYoNj7A_5QOGk:1t3bUb:p9EiuLVedDodv3iJvmnAtg2Y6Vvc1t_4Vq26GJCLX5Q','2024-11-06 13:33:41.906000');
INSERT INTO django_session VALUES('u06j7bui4a9xv2ruk17legmnddisukya','.eJxVjEEOwiAQRe_C2hAGKFCX7j0DmYGpVA0kpV0Z765NutDtf-_9l4i4rSVunZc4Z3EWIE6_G2F6cN1BvmO9NZlaXZeZ5K7Ig3Z5bZmfl8P9OyjYy7dO1g5Zq0mlwZABYHbeBTeOxkGafECL6DMGMFoDaeOtVsQAgUlhDkm8P8hRN1o:1t57aM:sKfQw0HLLP8xHYk-ihDBJRMYWWAmMhrsst_L9hY748E','2024-11-10 18:01:54.718000');
INSERT INTO django_session VALUES('u0nu7uhlz9bi5k1pdkzi7g7q6vptzrae','.eJxVjEEOwiAQRe_C2hCgZQou3XsGMjCDVA0kpV0Z765NutDtf-_9lwi4rSVsnZcwkzgLJ06_W8T04LoDumO9NZlaXZc5yl2RB-3y2oifl8P9OyjYy7cGZR34zDACIaKyI0_aKc_Jos4WFCrSxmaVtB0GcoY9GWDWHniKOor3B9ZCN6Q:1t2z8E:-1yUZz2hpI40melS9RL7IyC9S0ZZajj7aNHGxEXVb8M','2024-11-04 20:36:02.105000');
INSERT INTO django_session VALUES('w8zjeqt9tglxs37mwkmbwuavigxv1dkw','.eJxVjEEOwiAQRe_C2hDKCBaX7j0DGZgZqRpISrsy3l2bdKHb_977LxVxXUpcO89xInVWoA6_W8L84LoBumO9NZ1bXeYp6U3RO-362oifl939OyjYy7cWFjkRuwTkbApHFAzBgB1NsEgSxBpiltH5jDCQZwGDnq0zg5DxoN4fF6k4xg:1t3Jgc:EYKssLGnZybn4sXpEua0T2GT_vkN9vC6p3FN0KjJjvY','2024-11-05 18:32:54.995000');
INSERT INTO django_session VALUES('wfv5vi8mx7nmsf890qyauvz0po0n90cu','.eJxVjEEOwiAQRe_C2pBBhlFcuu8ZCMOAVA1NSrsy3l2bdKHb_977LxXiutSw9jyHUdRFkTr8bhzTI7cNyD2226TT1JZ5ZL0peqddD5Pk53V3_w5q7PVbAxEIGY8FrS9EFqJnmzizIBRk9GKFxbNBnxiSODybIg6OkO3JOvX-AN-ON80:1t2z7u:QJ7Cs1B3Zt94Feh81_yT2CjA4NZ3WSavHmWFP4GKggQ','2024-11-04 20:35:42.328000');
INSERT INTO django_session VALUES('yno1cmkos53tew985ojmgv0pe6rgze4o','.eJxVjEEOwiAQRe_C2hDKCBaX7j0DGZgZqRpISrsy3l2bdKHb_977LxVxXUpcO89xInVWoA6_W8L84LoBumO9NZ1bXeYp6U3RO-362oifl939OyjYy7cWFjkRuwTkbApHFAzBgB1NsEgSxBpiltH5jDCQZwGDnq0zg5DxoN4fF6k4xg:1t2zBc:WG4_fApG2W0OaZkIDApg-S9QxG3rCpaiUfmQWfXx204','2024-11-04 20:39:32.184000');
INSERT INTO django_session VALUES('f3vypjjwne6umqazb7teht74nscx0ay1','.eJxVjEEOwiAQRe_C2hAGKFCX7j0DmYGpVA0kpV0Z765NutDtf-_9l4i4rSVunZc4Z3EWIE6_G2F6cN1BvmO9NZlaXZeZ5K7Ig3Z5bZmfl8P9OyjYy7dO1g5Zq0mlwZABYHbeBTeOxkGafECL6DMGMFoDaeOtVsQAgUlhDkm8P8hRN1o:1t5eRU:nJ9jhKGR39KQq2vfSFA3Nqr0k-_cnQ_PGQXRmFKem-0','2024-11-12 05:06:56.529111');
INSERT INTO django_session VALUES('zgrggzfou02k034lzerorkipgyb7c997','.eJxVjEEOwiAQRe_C2hAGKFCX7j0DmYGpVA0kpV0Z765NutDtf-_9l4i4rSVunZc4Z3EWIE6_G2F6cN1BvmO9NZlaXZeZ5K7Ig3Z5bZmfl8P9OyjYy7dO1g5Zq0mlwZABYHbeBTeOxkGafECL6DMGMFoDaeOtVsQAgUlhDkm8P8hRN1o:1t8yVL:Cx-o0w8UiP2zbuGrHOFtYkN_WZL8Z6z-AnA0jRbuyxo','2024-11-21 09:08:39.963063');
INSERT INTO django_session VALUES('xfdg5l9fq2sh127obrm66umpfury304n','.eJxVjEEOwiAQRe_C2hCgEAaX7j0DGWZAqoYmpV013t026UK3_73_NhFxXWpce57jyOIqjBOX3zEhvXI7CD-xPSZJU1vmMclDkSft8j5xft9O9y9Qsdf9XUwCpsEBeVWc06A1eCYMhHbQwWVPvNcIrFHBeaWKAcoFGCkjWS0-XxSzOMY:1t9ies:2MEApF-jvDKmx-ZYbaXLU_6bokqLAtKRMaXzOjysODc','2024-11-23 10:25:34.774674');
INSERT INTO django_session VALUES('81kv72op4i0xadexfz2ipbmbe1bsu86e','.eJxVjEEOwiAQRe_C2hCgEAaX7j0DGWZAqoYmpV013t026UK3_73_NhFxXWpce57jyOIqjBOX3zEhvXI7CD-xPSZJU1vmMclDkSft8j5xft9O9y9Qsdf9XUwCpsEBeVWc06A1eCYMhHbQwWVPvNcIrFHBeaWKAcoFGCkjWS0-XxSzOMY:1t9iqf:fT-jD1gJO6e8MCYKCjMlxI8Mtuh3T5WfYO28pr5GsnY','2024-11-23 10:37:45.074319');
INSERT INTO django_session VALUES('2fivu5lrep19r7xr0q5kf1qvn4vyznu5','.eJxVjEEOwiAQRe_C2hAGKFCX7j0DmYGpVA0kpV0Z765NutDtf-_9l4i4rSVunZc4Z3EWIE6_G2F6cN1BvmO9NZlaXZeZ5K7Ig3Z5bZmfl8P9OyjYy7dO1g5Zq0mlwZABYHbeBTeOxkGafECL6DMGMFoDaeOtVsQAgUlhDkm8P8hRN1o:1tAE3f:PaBBHKAXT5OH9IYcQYrYV8Fm40kYFvpcqMH-Yd5Nf64','2024-11-24 19:57:15.852136');
INSERT INTO django_session VALUES('b9imi1vricmlmleiqup6kd7b8azhw24n','.eJxVjEEOwiAQRe_C2hCgEAaX7j0DGWZAqoYmpV013t026UK3_73_NhFxXWpce57jyOIqjBOX3zEhvXI7CD-xPSZJU1vmMclDkSft8j5xft9O9y9Qsdf9XUwCpsEBeVWc06A1eCYMhHbQwWVPvNcIrFHBeaWKAcoFGCkjWS0-XxSzOMY:1t9jOr:yE3gLSe9I7zTotif4UVH42BjasMe8XiVDmBqPs6q1hQ','2024-11-23 11:13:05.099340');
INSERT INTO django_session VALUES('w1od0vtb7keln9e2724a4w6vxe5ln0fh','.eJxVjDEOwjAMRe-SGUW1E-KWkZ0zRLYTSAGlUtNOiLtDpQ6w_vfef5nI61Li2vIcx2ROBsAcfkdhfeS6kXTnepusTnWZR7GbYnfa7GVK-Xne3b-Dwq18a-cDB0Tnu-RYfLpSD2FAr3iEzE4GJOyVBMQFkI4zBU8YPJBTJQXz_gDdzjb9:1t9knx:YM-6mNNzWvArIGZiDZjKqPFJcHBgHjzaP59lanD73tM','2024-11-23 12:43:05.082371');
INSERT INTO django_session VALUES('05dgdwoyrle8d8ihnp0prpgp7z2dl28x','.eJxVjEEOwiAQRe_C2hCgEAaX7j0DGWZAqoYmpV013t026UK3_73_NhFxXWpce57jyOIqjBOX3zEhvXI7CD-xPSZJU1vmMclDkSft8j5xft9O9y9Qsdf9XUwCpsEBeVWc06A1eCYMhHbQwWVPvNcIrFHBeaWKAcoFGCkjWS0-XxSzOMY:1t9kt6:bAs3qbp1WYNNtOHYr7ErhE4HicvJ1dsM2pwH504FlPk','2024-11-23 12:48:24.808097');
INSERT INTO django_session VALUES('txwc16tp6smlxgj1dn8zxd6opbd6ronk','.eJxVjMEOwiAQRP-FsyEs4AY8evcbCCyLVA1NSnsy_rs06UEvk8y8mXmLELe1hq3zEqYsLgK8OP2GKdKT207yI7b7LGlu6zIluVfkQbu8zZlf16P7d1Bjr2OdiHQ0aFVyDssQjwk0M2VTtCVWDOQsZjuMN4VAG3c2oJCBnQUUny8Z2zfW:1t9qky:wgTwEXhirV8KncxEWJ6M7NxSYKoRqymHT28BeHUo154','2024-11-23 19:04:24.212897');
INSERT INTO django_session VALUES('5exs0vusun2a5y6hyogt7b2c3yraoifz','.eJxVjDkOwjAQRe_iGllexhslPWeIxp4xDiBHylIh7g6RUkD733v_JQbc1jZsC8_DSOIstBWn3zFjeXDfCd2x3yZZpr7OY5a7Ig-6yOtE_Lwc7t9Bw6V964QMBVhT0pUosYeUNRWEGhVWDjnmqMB6AlLJWOVcQOVNdcaAhWDE-wMndDfV:1tAArw:nNNv0Iy0BZWXHY3hFLgAVUor7XPPDorLRy-6GRcl9bA','2024-11-24 16:32:56.354512');
INSERT INTO django_session VALUES('nl5pza0r52ri5j6bpeyozr3lrsrwjq87','.eJxVjEEOwiAQRe_C2hCgEAaX7j0DGWZAqoYmpV013t026UK3_73_NhFxXWpce57jyOIqjBOX3zEhvXI7CD-xPSZJU1vmMclDkSft8j5xft9O9y9Qsdf9XUwCpsEBeVWc06A1eCYMhHbQwWVPvNcIrFHBeaWKAcoFGCkjWS0-XxSzOMY:1tABUP:0GzRjrRAQ_REJYQFlwfUwPjt2NiFuu9_nsO_adZxbWw','2024-11-24 17:12:41.573562');
INSERT INTO django_session VALUES('8xatytxkfpk93yj206gibu1dp7k1uy6b','.eJxVjEEOwiAQRe_C2hAGKFCX7j0DmYGpVA0kpV0Z765NutDtf-_9l4i4rSVunZc4Z3EWIE6_G2F6cN1BvmO9NZlaXZeZ5K7Ig3Z5bZmfl8P9OyjYy7dO1g5Zq0mlwZABYHbeBTeOxkGafECL6DMGMFoDaeOtVsQAgUlhDkm8P8hRN1o:1tADmf:2Bz_8ZIiye_8ITc98rQWRinlZos1SBMaDkZtS9i6qJc','2024-11-24 19:39:41.951937');
INSERT INTO django_session VALUES('c2jmhkfp3e299tts8p1t0bpj15h2ps5z','.eJxVjEEOwiAQRe_C2hCgEAaX7j0DGWZAqoYmpV013t026UK3_73_NhFxXWpce57jyOIqjBOX3zEhvXI7CD-xPSZJU1vmMclDkSft8j5xft9O9y9Qsdf9XUwCpsEBeVWc06A1eCYMhHbQwWVPvNcIrFHBeaWKAcoFGCkjWS0-XxSzOMY:1tAE47:t514TfIK7Dbu91-0qtwJfmbF6JZon17VtAzTMEqIZPA','2024-11-24 19:57:43.887571');
INSERT INTO django_session VALUES('t9y47v3tg1319w06nm73qgo1mmzxvl45','.eJxVjEEOwiAQRe_C2hAGKFCX7j0DmYGpVA0kpV0Z765NutDtf-_9l4i4rSVunZc4Z3EWIE6_G2F6cN1BvmO9NZlaXZeZ5K7Ig3Z5bZmfl8P9OyjYy7dO1g5Zq0mlwZABYHbeBTeOxkGafECL6DMGMFoDaeOtVsQAgUlhDkm8P8hRN1o:1tAEad:byhpmzM9RbAe9O30ulLNxSp9hBgtKDYNgsQlwsbvzIs','2024-11-24 20:31:19.590696');
INSERT INTO django_session VALUES('kctxhuam72ml63mmri8pg8v1vidavcm4','.eJxVjEEOwiAQRe_C2hCgEAaX7j0DGWZAqoYmpV013t026UK3_73_NhFxXWpce57jyOIqjBOX3zEhvXI7CD-xPSZJU1vmMclDkSft8j5xft9O9y9Qsdf9XUwCpsEBeVWc06A1eCYMhHbQwWVPvNcIrFHBeaWKAcoFGCkjWS0-XxSzOMY:1tANJb:qQ7nvF2S98rKmTfxGRuF_jrcUrT7tK5USUHotPAf5-Q','2024-11-25 05:50:19.514264');
INSERT INTO django_session VALUES('zlhejownqibjp286cd5qag91c7v5ak1d','.eJxVjEEOwiAQRe_C2hAGKFCX7j0DmYGpVA0kpV0Z765NutDtf-_9l4i4rSVunZc4Z3EWIE6_G2F6cN1BvmO9NZlaXZeZ5K7Ig3Z5bZmfl8P9OyjYy7dO1g5Zq0mlwZABYHbeBTeOxkGafECL6DMGMFoDaeOtVsQAgUlhDkm8P8hRN1o:1tARzP:NQshIs3faZq1U2AZFmhqAb6BiqgRAPUZDpIFuoKR_5g','2024-11-25 10:49:47.092103');
INSERT INTO django_session VALUES('zpzt9uyt8h0t8v9kwc9kpidmsfi771t5','.eJxVjDkOwjAQRe_iGllexhslPWeIxp4xDiBHylIh7g6RUkD733v_JQbc1jZsC8_DSOIstBWn3zFjeXDfCd2x3yZZpr7OY5a7Ig-6yOtE_Lwc7t9Bw6V964QMBVhT0pUosYeUNRWEGhVWDjnmqMB6AlLJWOVcQOVNdcaAhWDE-wMndDfV:1tAT8i:OVOT2iOy6gU0vSG1krt-GFXJpt5QgxPy18ZRQNHlDiY','2024-11-25 12:03:28.590616');
INSERT INTO django_session VALUES('ptd1bs0tuhkjvomzwmfyo5t1bsnfeweu','.eJxVjDkOwjAQRe_iGllexhslPWeIxp4xDiBHylIh7g6RUkD733v_JQbc1jZsC8_DSOIstBWn3zFjeXDfCd2x3yZZpr7OY5a7Ig-6yOtE_Lwc7t9Bw6V964QMBVhT0pUosYeUNRWEGhVWDjnmqMB6AlLJWOVcQOVNdcaAhWDE-wMndDfV:1tAUux:xhjgeaU1XGCK8IhTpqF98JwtUgqRzYtRwWmpuZ5hQAA','2024-11-25 13:57:23.452062');
INSERT INTO django_session VALUES('lnwfckalbalm51hddl2m1933y9glp55i','.eJxVjEEOwiAQRe_C2hCgEAaX7j0DGWZAqoYmpV013t026UK3_73_NhFxXWpce57jyOIqjBOX3zEhvXI7CD-xPSZJU1vmMclDkSft8j5xft9O9y9Qsdf9XUwCpsEBeVWc06A1eCYMhHbQwWVPvNcIrFHBeaWKAcoFGCkjWS0-XxSzOMY:1tAnLx:oV4CYrnONs_eRJZTvXl6e82rv8cRZ-4C16M8ibezxSE','2024-11-26 09:38:29.286643');
INSERT INTO django_session VALUES('xnp9vrtapl71waciav1isarmfk9bs1i9','.eJxVjDkOwjAQRe_iGllexhslPWeIxp4xDiBHylIh7g6RUkD733v_JQbc1jZsC8_DSOIstBWn3zFjeXDfCd2x3yZZpr7OY5a7Ig-6yOtE_Lwc7t9Bw6V964QMBVhT0pUosYeUNRWEGhVWDjnmqMB6AlLJWOVcQOVNdcaAhWDE-wMndDfV:1tAnqw:AGXssufq_AIt5BH3luJMRv51ru2Wf0pcaQulzVvFdns','2024-11-26 10:10:30.151192');
INSERT INTO django_session VALUES('vmvwyfjq91lihp7mmjj7beimwvnws4k0','.eJxVjEEOwiAQRe_C2hCgEAaX7j0DGWZAqoYmpV013t026UK3_73_NhFxXWpce57jyOIqjBOX3zEhvXI7CD-xPSZJU1vmMclDkSft8j5xft9O9y9Qsdf9XUwCpsEBeVWc06A1eCYMhHbQwWVPvNcIrFHBeaWKAcoFGCkjWS0-XxSzOMY:1tBDlD:T0xlNaT5_p6qYG351vreH-9PSEW69LYw8w3YGdu0u4k','2024-11-27 13:50:19.932062');
INSERT INTO django_session VALUES('t5mi8oebaez1fzazji6pxe3b6pq4ahgd','.eJxVjEEOwiAQRe_C2hAGKFCX7j0DmYGpVA0kpV0Z765NutDtf-_9l4i4rSVunZc4Z3EWIE6_G2F6cN1BvmO9NZlaXZeZ5K7Ig3Z5bZmfl8P9OyjYy7dO1g5Zq0mlwZABYHbeBTeOxkGafECL6DMGMFoDaeOtVsQAgUlhDkm8P8hRN1o:1tBEBA:k1rITFWKALn6IuMGhawXc7_WV5pn2ms4_tzARa2062g','2024-11-27 14:17:08.198273');
INSERT INTO django_session VALUES('ljongc519hhd3ek6nojjgpmbbo6qh3my','.eJxVjEEOwiAQRe_C2hCgEAaX7j0DGWZAqoYmpV013t026UK3_73_NhFxXWpce57jyOIqjBOX3zEhvXI7CD-xPSZJU1vmMclDkSft8j5xft9O9y9Qsdf9XUwCpsEBeVWc06A1eCYMhHbQwWVPvNcIrFHBeaWKAcoFGCkjWS0-XxSzOMY:1tBEMP:N1B9CmQPgGW6Zf64rOhRfxKYVDUquTTfUHQ5-4SJPBg','2024-11-27 14:28:45.008809');
INSERT INTO django_session VALUES('woqplexs3kbd4b2i8t0fjqy01mauqacc','.eJxVjEEOwiAQRe_C2hCgEAaX7j0DGWZAqoYmpV013t026UK3_73_NhFxXWpce57jyOIqjBOX3zEhvXI7CD-xPSZJU1vmMclDkSft8j5xft9O9y9Qsdf9XUwCpsEBeVWc06A1eCYMhHbQwWVPvNcIrFHBeaWKAcoFGCkjWS0-XxSzOMY:1tE6O3:uGOC-fEJLuCcipL-Z5WIR04WbXLFy-d3aOKSCWd0QuE','2024-12-05 12:34:19.356115');
INSERT INTO django_session VALUES('iprvsxmv3x9nmfxpw76gy9as8djtby7t','.eJxVjDkOwjAQRe_iGllexhslPWeIxp4xDiBHylIh7g6RUkD733v_JQbc1jZsC8_DSOIstBWn3zFjeXDfCd2x3yZZpr7OY5a7Ig-6yOtE_Lwc7t9Bw6V964QMBVhT0pUosYeUNRWEGhVWDjnmqMB6AlLJWOVcQOVNdcaAhWDE-wMndDfV:1tEobY:qFXDpxqDtSD7tlfYj2vUvUOtsKVvkUDumofQ2YaT-Ig','2024-12-07 11:47:12.514469');
INSERT INTO django_session VALUES('3u5hudwa7s6lmpw2iz4hnmejxv8y56mq','.eJxVjDsOwjAQBe_iGllZ_01JnzNYu_7gAHKkOKkQdyeRUkD7Zua9WcBtrWHreQlTYlcGhl1-R8L4zO0g6YHtPvM4t3WZiB8KP2nn45zy63a6fwcVe91rLOQNGTBSSADjZBJFJG1VRiIQLlIEWVT2XknyIIROevA2O7s7EQf2-QL7xDd2:1tEouj:dRg05QDI2idFs7byBDKzHN3jSoPtRRVeJhlgz_-6L8E','2024-12-07 12:07:01.852536');
INSERT INTO django_session VALUES('jm5do3cptop6qgrzpo0xws0pk2o95ry3','.eJxVjDEOwjAMRe-SGUW1E-KWkZ0zRLYTSAGlUtNOiLtDpQ6w_vfef5nI61Li2vIcx2ROBsAcfkdhfeS6kXTnepusTnWZR7GbYnfa7GVK-Xne3b-Dwq18a-cDB0Tnu-RYfLpSD2FAr3iEzE4GJOyVBMQFkI4zBU8YPJBTJQXz_gDdzjb9:1tEowB:VkhgEkqVmjYrQKjUNvBstW0CQvIxX41E95uVT9NM7cg','2024-12-07 12:08:31.826545');
INSERT INTO django_session VALUES('v9p1hx5p8y68jqw2o1sb4zyr6fr0pczt','.eJxVjEEOwiAQRe_C2hAGKFCX7j0DmYGpVA0kpV0Z765NutDtf-_9l4i4rSVunZc4Z3EWIE6_G2F6cN1BvmO9NZlaXZeZ5K7Ig3Z5bZmfl8P9OyjYy7dO1g5Zq0mlwZABYHbeBTeOxkGafECL6DMGMFoDaeOtVsQAgUlhDkm8P8hRN1o:1tEpJJ:_TEpAij3yVkAcrjpArUzR_FaeetBR7MZoJdtN4aM9gE','2024-12-07 12:32:25.980845');
INSERT INTO django_session VALUES('vzy1n5ja603am9qwo8m39cplr52hf612','.eJxVjEEOwiAQRe_C2hCgEAaX7j0DGWZAqoYmpV013t026UK3_73_NhFxXWpce57jyOIqjBOX3zEhvXI7CD-xPSZJU1vmMclDkSft8j5xft9O9y9Qsdf9XUwCpsEBeVWc06A1eCYMhHbQwWVPvNcIrFHBeaWKAcoFGCkjWS0-XxSzOMY:1tFOqr:H4aKO2f2DjQpdr22JupzZ7RtownMflyG_Pjve6Njbwo','2024-12-09 02:29:25.003949');
INSERT INTO django_session VALUES('054tcc398ph8f9syz2hkje6aapstuhyu','.eJxVjEEOwiAQRe_C2hAGKFCX7j0DmYGpVA0kpV0Z765NutDtf-_9l4i4rSVunZc4Z3EWIE6_G2F6cN1BvmO9NZlaXZeZ5K7Ig3Z5bZmfl8P9OyjYy7dO1g5Zq0mlwZABYHbeBTeOxkGafECL6DMGMFoDaeOtVsQAgUlhDkm8P8hRN1o:1tFPQt:u0A1-T2mJOiMZbKFXRThhmZW3aRxcwmKFUtLpdtzaa4','2024-12-09 03:06:39.805669');
INSERT INTO django_session VALUES('y2nks180r0p0qwktxlg77fu65cc6xggd','.eJxVjEEOwiAQRe_C2hAGKFCX7j0DmYGpVA0kpV0Z765NutDtf-_9l4i4rSVunZc4Z3EWIE6_G2F6cN1BvmO9NZlaXZeZ5K7Ig3Z5bZmfl8P9OyjYy7dO1g5Zq0mlwZABYHbeBTeOxkGafECL6DMGMFoDaeOtVsQAgUlhDkm8P8hRN1o:1tFPVH:L_PLV3hJlWdIyJQPooYKmgI-9MYhX9aNyHIRDkNYq3s','2024-12-09 03:11:11.712602');
INSERT INTO django_session VALUES('oo4by37k1m17m78od5x233pzgmcau4jm','.eJxVjEEOwiAQRe_C2hAGKFCX7j0DmYGpVA0kpV0Z765NutDtf-_9l4i4rSVunZc4Z3EWIE6_G2F6cN1BvmO9NZlaXZeZ5K7Ig3Z5bZmfl8P9OyjYy7dO1g5Zq0mlwZABYHbeBTeOxkGafECL6DMGMFoDaeOtVsQAgUlhDkm8P8hRN1o:1tFrXz:_YvJeBb9fRTp1Q5UZRZayxhDp-DnE0AEzZ5c8x1hMg4','2024-12-10 09:07:51.799637');
CREATE TABLE IF NOT EXISTS "task_app_department" ("id" integer NOT NULL PRIMARY KEY AUTO_INCREMENT, "name" varchar(50) NOT NULL, "manager_id" integer NULL REFERENCES "auth_user" ("id") DEFERRABLE INITIALLY DEFERRED);
INSERT INTO task_app_department VALUES(1,'Executive┬áManagers',NULL);
INSERT INTO task_app_department VALUES(2,'CONTENT',NULL);
INSERT INTO task_app_department VALUES(3,'PRODUCT',NULL);
INSERT INTO task_app_department VALUES(4,'SALES',13);
INSERT INTO task_app_department VALUES(5,'TECHNOLOGY',19);
INSERT INTO task_app_department VALUES(6,'Customer Support',NULL);
INSERT INTO task_app_department VALUES(7,'HR',NULL);
INSERT INTO task_app_department VALUES(8,'Non Management Staff',NULL);
INSERT INTO task_app_department VALUES(9,'Publishing Team',NULL);
INSERT INTO task_app_department VALUES(10,'Help desk',NULL);
CREATE TABLE IF NOT EXISTS "task_app_userprofile" ("id" integer NOT NULL PRIMARY KEY AUTO_INCREMENT, "category" varchar(50) NOT NULL, "department_id" bigint NULL REFERENCES "task_app_department" ("id") DEFERRABLE INITIALLY DEFERRED, "reports_to_id" bigint NULL REFERENCES "task_app_userprofile" ("id") DEFERRABLE INITIALLY DEFERRED, "user_id" integer NOT NULL UNIQUE REFERENCES "auth_user" ("id") DEFERRABLE INITIALLY DEFERRED);
INSERT INTO task_app_userprofile VALUES(1,'Task Management System Manager',NULL,NULL,1);
INSERT INTO task_app_userprofile VALUES(10,'Non-Management',2,NULL,43);
INSERT INTO task_app_userprofile VALUES(11,'Executive Management',1,NULL,12);
INSERT INTO task_app_userprofile VALUES(12,'Non-Management',5,NULL,20);
INSERT INTO task_app_userprofile VALUES(13,'Non-Management',5,NULL,28);
INSERT INTO task_app_userprofile VALUES(14,'Departmental Manager',4,NULL,29);
INSERT INTO task_app_userprofile VALUES(15,'Non-Management',5,NULL,26);
INSERT INTO task_app_userprofile VALUES(16,'Non-Management',4,NULL,31);
INSERT INTO task_app_userprofile VALUES(17,'Non-Management',2,NULL,37);
INSERT INTO task_app_userprofile VALUES(18,'Non-Management',2,NULL,40);
INSERT INTO task_app_userprofile VALUES(19,'Non-Management',2,NULL,38);
INSERT INTO task_app_userprofile VALUES(20,'Non-Management',2,NULL,39);
INSERT INTO task_app_userprofile VALUES(21,'Non-Management',2,NULL,46);
INSERT INTO task_app_userprofile VALUES(22,'Executive Management',1,NULL,11);
INSERT INTO task_app_userprofile VALUES(23,'Non-Management',5,NULL,24);
INSERT INTO task_app_userprofile VALUES(24,'Non-Management',5,NULL,27);
INSERT INTO task_app_userprofile VALUES(25,'Non-Management',3,NULL,14);
INSERT INTO task_app_userprofile VALUES(26,'Non-Management',2,NULL,45);
INSERT INTO task_app_userprofile VALUES(27,'Non-Management',5,NULL,22);
INSERT INTO task_app_userprofile VALUES(28,'Non-Management',5,NULL,25);
INSERT INTO task_app_userprofile VALUES(29,'Departmental Manager',5,NULL,19);
INSERT INTO task_app_userprofile VALUES(30,'Non-Management',2,NULL,34);
INSERT INTO task_app_userprofile VALUES(31,'Non-Management',5,NULL,23);
INSERT INTO task_app_userprofile VALUES(32,'Non-Management',5,NULL,21);
INSERT INTO task_app_userprofile VALUES(33,'Non-Management',2,NULL,41);
INSERT INTO task_app_userprofile VALUES(34,'Non-Management',3,NULL,18);
INSERT INTO task_app_userprofile VALUES(35,'Non-Management',4,NULL,32);
INSERT INTO task_app_userprofile VALUES(36,'Departmental Manager',2,NULL,33);
INSERT INTO task_app_userprofile VALUES(37,'Non-Management',2,NULL,36);
INSERT INTO task_app_userprofile VALUES(38,'Non-Management',3,NULL,16);
INSERT INTO task_app_userprofile VALUES(39,'Non-Management',3,NULL,15);
INSERT INTO task_app_userprofile VALUES(40,'Departmental Manager',3,NULL,13);
INSERT INTO task_app_userprofile VALUES(41,'Non-Management',2,NULL,35);
INSERT INTO task_app_userprofile VALUES(42,'Non-Management',2,NULL,44);
INSERT INTO task_app_userprofile VALUES(43,'Non-Management',2,NULL,42);
INSERT INTO task_app_userprofile VALUES(44,'Non-Management',3,NULL,17);
INSERT INTO task_app_userprofile VALUES(45,'Non-Management',4,NULL,30);
INSERT INTO task_app_userprofile VALUES(46,'Non-Management',4,40,47);
CREATE TABLE IF NOT EXISTS "task_app_task" ("id" integer NOT NULL PRIMARY KEY AUTO_INCREMENT, "task_id" varchar(15) NOT NULL UNIQUE, "deadline" date NOT NULL, "assigned_by_id" integer NULL REFERENCES "auth_user" ("id") DEFERRABLE INITIALLY DEFERRED, "assigned_to_id" integer NULL REFERENCES "auth_user" ("id") DEFERRABLE INITIALLY DEFERRED, "department_id" bigint NULL REFERENCES "task_app_department" ("id") DEFERRABLE INITIALLY DEFERRED, "attach_file" varchar(100) NULL, "request_details" text NULL, "priority" varchar(10) NOT NULL, "subject" varchar(255) NOT NULL, "assigned_date" datetime NOT NULL, "status" varchar(20) NOT NULL, "ticket_type" varchar(100) NOT NULL, "comments_by_assignee" text NULL, "revised_completion_date" date NULL);
INSERT INTO task_app_task VALUES(29,'TEC-1H8HDE','2024-11-29',19,20,5,'supporting_files/Assignment_3_2.pdf','faefrggrggh','high','new task','2024-11-10 16:24:41.938309','Not Started','Research',NULL,NULL);
INSERT INTO task_app_task VALUES(30,'CON-FI582V','2024-11-18',39,19,2,'attachments/Assignment_3_2.pdf','dewfefgg','urgent','neww task','2024-11-10 16:27:27.613783','Stalled','Bug Fixing - Live',NULL,NULL);
INSERT INTO task_app_task VALUES(31,'CON-T3IGTL','2024-11-18',13,13,2,'attachments/Assignment_3_2_LWgrQfh.pdf','efefesfffe','high','new task','2024-11-10 16:37:11.512609','Stalled','Publishing',NULL,NULL);
INSERT INTO task_app_task VALUES(32,'PRO-76VMY5','2024-11-27',13,13,3,'attachments/Assignment_3_2_bkdUEAw.pdf','jghsaknknfke','urgent','new task 3','2024-11-10 16:53:10.666737','Not Started','Others',NULL,NULL);
INSERT INTO task_app_task VALUES(33,'SAL-2EGMPL','2024-11-26',13,13,4,'attachments/Assignment_3_2_nbEzWKW.pdf','faeriorhg','high','new task 4','2024-11-10 16:56:34.407279','Not Started','New Engineering Requirement',NULL,NULL);
INSERT INTO task_app_task VALUES(34,'PRO-6GDIIN','2024-11-20',13,13,3,'attachments/Assignment_3_2_IQ5LZxM.pdf','task management system','medium','new task 5','2024-11-10 17:04:19.460303','Not Started','Hardware',NULL,NULL);
INSERT INTO task_app_task VALUES(35,'PRO-43NJ0J','2024-11-29',25,20,3,'attachments/Assignment_3_2_g7F4ukl.pdf','fefeoihfeuhif','high','new task','2024-11-10 17:14:21.818813','Not Started','Publishing',NULL,NULL);
INSERT INTO task_app_task VALUES(36,'PRO-6FBSD5','2024-11-19',11,26,3,'attachments/220591_Lokesh.pdf','eefihfaujfeebf','high','new 7','2024-11-10 18:20:53.835394','Completed','Sales','fafeefedff','2024-11-21');
INSERT INTO task_app_task VALUES(37,'PRO-GK8511','2024-11-25',25,20,3,'attachments/220591_Lokesh.pdf','faiheofbutrobf','urgent','new task 15','2024-11-10 19:41:58.630753','Not Started','Others',NULL,NULL);
INSERT INTO task_app_task VALUES(38,'CON-Z4FSEV','2024-11-19',25,23,2,'attachments/activity_log.csv','rhefhfoie','high','new task12','2024-11-10 19:58:16.017098','Not Started','New Engineering Requirement',NULL,NULL);
INSERT INTO task_app_task VALUES(39,'SAL-A98XJW','2024-11-20',25,21,4,'attachments/metrics.csv','f ae efefgg','high','test task 2','2024-11-10 20:28:17.628621','Not Started','Others',NULL,NULL);
INSERT INTO task_app_task VALUES(40,'PRO-EJ5P4N','2024-11-19',11,14,3,'attachments/metrics_VleRvid.csv','please the the attached file','high','test task 3','2024-11-11 09:00:21.793717','Not Started','Publishing','bug fixes','2024-11-21');
INSERT INTO task_app_task VALUES(41,'PRO-BQXTDU','2024-11-27',25,27,3,'','ewaewa','high','test 8','2024-11-11 11:21:01.918505','Not Started','Publishing',NULL,NULL);
INSERT INTO task_app_task VALUES(42,'SAL-U5OCH5','2024-11-19',28,29,4,'attachments/metrics_H9ijjDW.csv','grggfrvrg','medium','test task5','2024-11-11 11:41:09.656949','Completed','Testing','',NULL);
INSERT INTO task_app_task VALUES(43,'PRO-Z19NDH','2024-11-21',25,35,3,'attachments/metrics_0hcZPiV.csv','fzfbgbgnmjg','medium','test 8','2024-11-11 11:42:21.818910','Not Started','Sales',NULL,NULL);
INSERT INTO task_app_task VALUES(44,'CON-EBIDXS','2024-11-22',13,25,2,'','huiugug','high','new task 20','2024-11-11 12:12:19.389194','Completed','Publishing','bugss','2024-11-28');
INSERT INTO task_app_task VALUES(45,'PRO-K17U8K','2024-11-21',25,14,3,'attachments/metrics_aO9cqb6.csv','clhlhced','high','new task 100','2024-11-11 13:54:52.895392','Stalled','Issues',NULL,NULL);
INSERT INTO task_app_task VALUES(46,'TEC-266V1X','2024-11-15',11,25,5,'','fbzdbfdzf','high','fgbfgz','2024-11-13 13:49:49.357318','Not Started','Issues',NULL,NULL);
INSERT INTO task_app_task VALUES(47,'CON-BN87O9','2024-11-26',25,46,2,'','faewef','medium','afeaffaef','2024-11-13 14:16:51.198141','Completed','Publishing',NULL,NULL);
INSERT INTO task_app_task VALUES(48,'CON-B8R02D','2024-11-21',11,11,2,'','greegrgrgrrg','urgent','test 3','2024-11-23 12:09:04.835453','Stalled','Hardware',NULL,NULL);
INSERT INTO task_app_task VALUES(49,'CON-VEGIUN','2024-11-21',11,13,2,'','greegrgrgrrg','urgent','test 3','2024-11-23 12:09:04.849442','Stalled','Hardware',NULL,NULL);
INSERT INTO task_app_task VALUES(50,'SAL-0IN29M','2024-11-28',13,25,4,'','fweedfefff','low','test email','2024-11-25 01:50:35.283939','In Progress','Issues',NULL,NULL);
INSERT INTO task_app_task VALUES(51,'SAL-9IP3UW','2024-11-28',13,25,4,'','fweedfefff','low','test email','2024-11-25 01:50:38.114333','In Progress','Issues',NULL,NULL);
INSERT INTO task_app_task VALUES(52,'SAL-JP7KDZ','2024-11-28',13,25,4,'','fweedfefff','low','test email','2024-11-25 01:50:39.744194','In Progress','Issues',NULL,NULL);
INSERT INTO task_app_task VALUES(53,'SAL-764H1R','2024-11-28',13,25,4,'','fweedfefff','low','test email','2024-11-25 01:50:42.493896','In Progress','Issues',NULL,NULL);
INSERT INTO task_app_task VALUES(54,'SAL-US7ZRX','2024-11-28',13,25,4,'','fweedfefff','low','test email','2024-11-25 01:50:42.680586','In Progress','Issues',NULL,NULL);
INSERT INTO task_app_task VALUES(55,'SAL-5T3VZD','2024-11-28',13,25,4,'','fweedfefff','low','test email','2024-11-25 01:50:42.859231','In Progress','Issues',NULL,NULL);
INSERT INTO task_app_task VALUES(56,'SAL-HG6V2O','2024-11-28',13,25,4,'','fweedfefff','low','test email','2024-11-25 01:50:43.082641','In Progress','Issues',NULL,NULL);
INSERT INTO task_app_task VALUES(57,'SAL-LSIWZK','2024-11-28',13,25,4,'','faefefea','medium','test email2','2024-11-25 01:53:40.830533','In Progress','Issues',NULL,NULL);
INSERT INTO task_app_task VALUES(58,'SAL-WM1AS0','2024-11-28',13,25,4,'','faefefea','medium','test email2','2024-11-25 02:02:54.868540','In Progress','Issues',NULL,NULL);
INSERT INTO task_app_task VALUES(59,'SAL-QAS9RQ','2024-11-28',13,25,4,'','faefefea','medium','test email2','2024-11-25 02:04:39.336134','In Progress','Issues',NULL,NULL);
INSERT INTO task_app_task VALUES(60,'SAL-2NPTAW','2024-11-26',13,25,4,'','afegrga','medium','test email 3','2024-11-25 02:05:49.351277','In Progress','Issues',NULL,NULL);
INSERT INTO task_app_task VALUES(61,'TEC-XML5VZ','2024-11-23',13,25,5,'','feaefa','medium','tesst email 4','2024-11-25 02:12:15.128923','In Progress','New Engineering Requirement',NULL,NULL);
INSERT INTO task_app_task VALUES(62,'TEC-X0R2EU','2024-11-28',13,25,5,'','fweafefe','medium','test email 6','2024-11-25 02:18:00.980829','In Progress','Publishing','commented new 2','2024-12-17');
CREATE TABLE IF NOT EXISTS "task_app_activitylog" ("id" integer NOT NULL PRIMARY KEY AUTO_INCREMENT, "action" varchar(50) NOT NULL, "timestamp" datetime NOT NULL, "description" text NOT NULL, "task_id" bigint NOT NULL REFERENCES "task_app_task" ("id") DEFERRABLE INITIALLY DEFERRED, "user_id" integer NOT NULL REFERENCES "auth_user" ("id") DEFERRABLE INITIALLY DEFERRED);
INSERT INTO task_app_activitylog VALUES(1,'created','2024-11-10 19:41:58.640755','Task PRO-GK8511 created by Lokesh_Mehra',37,25);
INSERT INTO task_app_activitylog VALUES(2,'created','2024-11-10 19:58:16.026709','Task CON-Z4FSEV created by Lokesh_Mehra',38,25);
INSERT INTO task_app_activitylog VALUES(3,'created','2024-11-10 20:28:17.639256','Task SAL-A98XJW created by Lokesh_Mehra',39,25);
INSERT INTO task_app_activitylog VALUES(4,'created','2024-11-11 11:21:01.922504','Task PRO-BQXTDU created by Lokesh_Mehra',41,25);
INSERT INTO task_app_activitylog VALUES(5,'created','2024-11-11 11:42:21.823812','Task PRO-Z19NDH created by Lokesh_Mehra',43,25);
INSERT INTO task_app_activitylog VALUES(6,'priority_changed','2024-11-11 11:42:57.209094','Priority changed from medium to urgent',39,25);
INSERT INTO task_app_activitylog VALUES(7,'priority_changed','2024-11-11 11:43:27.057384','Priority changed from urgent to high',39,25);
INSERT INTO task_app_activitylog VALUES(10,'created','2024-11-11 12:12:19.392371','Task CON-EBIDXS created by Simran_Galani',44,13);
INSERT INTO task_app_activitylog VALUES(11,'status_changed','2024-11-11 12:17:05.161055','Status changed from ''Stalled'' to ''Completed''',44,13);
INSERT INTO task_app_activitylog VALUES(12,'deadline_revised','2024-11-11 12:18:26.233298','Deadline revised from None to 2024-11-21',44,25);
INSERT INTO task_app_activitylog VALUES(13,'comment_added','2024-11-11 12:18:26.237299','Comment added or updated by assignee: ',44,25);
INSERT INTO task_app_activitylog VALUES(14,'deadline_revised','2024-11-11 12:18:45.335151','Deadline revised from 2024-11-21 to 2024-11-28',44,25);
INSERT INTO task_app_activitylog VALUES(15,'comment_added','2024-11-11 12:18:45.340181','Comment added or updated by assignee: bugss',44,25);
INSERT INTO task_app_activitylog VALUES(16,'created','2024-11-11 13:54:52.947450','Task PRO-K17U8K created by Lokesh_Mehra',45,25);
INSERT INTO task_app_activitylog VALUES(17,'created','2024-11-13 13:49:49.365173','Task TEC-266V1X created by Gopala_Krishnan',46,11);
INSERT INTO task_app_activitylog VALUES(18,'created','2024-11-13 14:16:51.206169','Task CON-BN87O9 created by Lokesh_Mehra for Faisal_Shaikh',47,25);
INSERT INTO task_app_activitylog VALUES(19,'assigned','2024-11-23 12:05:51.668884','Task CON-T3IGTL reassigned from Simran_Galani to Sheyla_Gowher',31,13);
INSERT INTO task_app_activitylog VALUES(20,'assigned','2024-11-23 12:07:36.819674','Task reassigned from Sheyla_Gowher to Simran_Galani',31,16);
INSERT INTO task_app_activitylog VALUES(21,'created','2024-11-23 12:09:04.839443','Task CON-B8R02D created by Gopala_Krishnan for Simran_Galani',48,11);
INSERT INTO task_app_activitylog VALUES(22,'created','2024-11-23 12:09:04.852444','Task CON-VEGIUN created by Gopala_Krishnan for Simran_Galani',49,11);
INSERT INTO task_app_activitylog VALUES(23,'assigned','2024-11-23 12:09:32.209483','Task CON-B8R02D reassigned from Simran_Galani to Sheyla_Gowher',48,13);
INSERT INTO task_app_activitylog VALUES(24,'assigned','2024-11-23 12:09:52.111579','Task reassigned from Sheyla_Gowher to Gopala_Krishnan',48,16);
INSERT INTO task_app_activitylog VALUES(25,'created','2024-11-25 02:04:39.459195','Task SAL-QAS9RQ created by Simran_Galani for Lokesh_Mehra',59,13);
INSERT INTO task_app_activitylog VALUES(26,'created','2024-11-25 02:05:49.414568','Task SAL-2NPTAW created by Simran_Galani for Lokesh_Mehra',60,13);
INSERT INTO task_app_activitylog VALUES(27,'created','2024-11-25 02:12:15.206670','Task TEC-XML5VZ created by Simran_Galani for Lokesh_Mehra',61,13);
INSERT INTO task_app_activitylog VALUES(28,'created','2024-11-25 02:18:01.090467','Task TEC-X0R2EU created by Simran_Galani for Lokesh_Mehra',62,13);
INSERT INTO task_app_activitylog VALUES(29,'deadline_revised','2024-11-25 02:29:48.149109','Deadline revised from None to 2024-11-28',62,25);
INSERT INTO task_app_activitylog VALUES(30,'comment_added','2024-11-25 02:29:48.156110','Comment added or updated by assignee: commented new',62,25);
INSERT INTO task_app_activitylog VALUES(31,'deadline_revised','2024-11-25 02:37:05.049329','Deadline revised from 2024-11-30 to 2024-12-17',62,25);
INSERT INTO task_app_activitylog VALUES(32,'comment_added','2024-11-25 02:37:05.055440','Comment added or updated by assignee: commented new 2',62,25);
INSERT INTO sqlite_sequence VALUES('django_migrations',30);
INSERT INTO sqlite_sequence VALUES('django_admin_log',242);
INSERT INTO sqlite_sequence VALUES('django_content_type',10);
INSERT INTO sqlite_sequence VALUES('auth_permission',40);
INSERT INTO sqlite_sequence VALUES('auth_group',0);
INSERT INTO sqlite_sequence VALUES('auth_user',47);
INSERT INTO sqlite_sequence VALUES('task_app_department',10);
INSERT INTO sqlite_sequence VALUES('task_app_userprofile',46);
INSERT INTO sqlite_sequence VALUES('task_app_task',62);
INSERT INTO sqlite_sequence VALUES('task_app_activitylog',32);
CREATE UNIQUE INDEX "auth_group_permissions_group_id_permission_id_0cd325b0_uniq" ON "auth_group_permissions" ("group_id", "permission_id");
CREATE INDEX "auth_group_permissions_group_id_b120cbf9" ON "auth_group_permissions" ("group_id");
CREATE INDEX "auth_group_permissions_permission_id_84c5c92e" ON "auth_group_permissions" ("permission_id");
CREATE UNIQUE INDEX "auth_user_groups_user_id_group_id_94350c0c_uniq" ON "auth_user_groups" ("user_id", "group_id");
CREATE INDEX "auth_user_groups_user_id_6a12ed8b" ON "auth_user_groups" ("user_id");
CREATE INDEX "auth_user_groups_group_id_97559544" ON "auth_user_groups" ("group_id");
CREATE UNIQUE INDEX "auth_user_user_permissions_user_id_permission_id_14a6b632_uniq" ON "auth_user_user_permissions" ("user_id", "permission_id");
CREATE INDEX "auth_user_user_permissions_user_id_a95ead1b" ON "auth_user_user_permissions" ("user_id");
CREATE INDEX "auth_user_user_permissions_permission_id_1fbb5f2c" ON "auth_user_user_permissions" ("permission_id");
CREATE INDEX "django_admin_log_content_type_id_c4bce8eb" ON "django_admin_log" ("content_type_id");
CREATE INDEX "django_admin_log_user_id_c564eba6" ON "django_admin_log" ("user_id");
CREATE UNIQUE INDEX "django_content_type_app_label_model_76bd3d3b_uniq" ON "django_content_type" ("app_label", "model");
CREATE UNIQUE INDEX "auth_permission_content_type_id_codename_01ab375a_uniq" ON "auth_permission" ("content_type_id", "codename");
CREATE INDEX "auth_permission_content_type_id_2f476e4b" ON "auth_permission" ("content_type_id");
CREATE INDEX "django_session_expire_date_a5c62663" ON "django_session" ("expire_date");
CREATE INDEX "task_app_userprofile_department_id_68846b08" ON "task_app_userprofile" ("department_id");
CREATE INDEX "task_app_userprofile_reports_to_id_a6514078" ON "task_app_userprofile" ("reports_to_id");
CREATE INDEX "task_app_task_assigned_by_id_2200314e" ON "task_app_task" ("assigned_by_id");
CREATE INDEX "task_app_task_assigned_to_id_14391930" ON "task_app_task" ("assigned_to_id");
CREATE INDEX "task_app_task_department_id_51f556d0" ON "task_app_task" ("department_id");
CREATE INDEX "task_app_activitylog_task_id_91d2c40b" ON "task_app_activitylog" ("task_id");
CREATE INDEX "task_app_activitylog_user_id_adf48b00" ON "task_app_activitylog" ("user_id");
CREATE INDEX "task_app_department_manager_id_b0517474" ON "task_app_department" ("manager_id");
COMMIT;
